game_id,date,player,rank,substitute_player,winner,score,color,num_of_cities,num_of_settlement,num_of_roads,num_of_dev_cards,buy_dev_card_first,builds_city_first,builds_settlement_first,num_of_harbor,which_resources_first,cashier,time_in_min,is_extension,start_time,longest_road,largest_army,first_brick_harbor,first_ore_harbor,first_grain_harbor,first_wool_harbor,first_lumber_harbor,first_3to1_harbor,num_of_brick_harbor,num_of_grain_harbor,num_of_3to1_harbor,num_of_lumber_harbor,num_of_ore_harbor,num_of_wool_harbor,initial_dices,dessert_placement
1.0,2022-02-22,B,1.0,,A,7.0,Blue,2.0,2.0,5.0,4.0,1.0,0.0,0.0,2.0,"['Wool', 'Wool', 'Grain']",0.0,105.0,0.0,,,,,,,,,,,,,,,,,
1.0,2022-02-22,A,2.0,,A,10.0,White,5.0,0.0,7.0,2.0,0.0,1.0,0.0,2.0,"['Lumber', 'Lumber', 'Grain']",1.0,105.0,0.0,,,,,,,,,,,,,,,,,
1.0,2022-02-22,V,4.0,Cc,A,8.0,Red,2.0,3.0,10.0,2.0,0.0,0.0,1.0,3.0,"['Lumber', 'Lumber', 'Brick']",0.0,105.0,0.0,,,,,,,,,,,,,,,,,
1.0,2022-02-22,M,3.0,E,A,7.0,Orange,2.0,1.0,7.0,1.0,0.0,0.0,0.0,0.0,"['Ore', 'Lumber', 'Wool']",0.0,105.0,0.0,,,,,,,,,,,,,,,,,
2.0,2022-03-06,A,2.0,,Cc,5.0,White,2.0,1.0,4.0,1.0,0.0,0.0,1.0,0.0,"['Wool', 'Brick', 'Lumber']",1.0,45.0,0.0,,,,,,,,,,,,,,,,,
2.0,2022-03-06,F,1.0,,Cc,6.0,Orange,1.0,2.0,7.0,0.0,0.0,0.0,0.0,1.0,"['Ore', 'Grain', 'Wool']",0.0,45.0,0.0,,,,,,,,,,,,,,,,,
2.0,2022-03-06,Cc,3.0,,Cc,10.0,Red,3.0,0.0,4.0,8.0,1.0,1.0,0.0,1.0,"['Grain', 'Wool', 'Wool']",0.0,45.0,0.0,,,,,,,,,,,,,,,,,
3.0,2022-03-08,B,4.0,F,M,6.0,Red,0.0,4.0,10.0,3.0,1.0,0.0,1.0,1.0,"['Ore', 'Grain', 'Lumber']",0.0,120.0,0.0,22:15:00,,,,,,,,,,,,,,,,
3.0,2022-03-08,A,3.0,,M,7.0,White,2.0,1.0,6.0,2.0,0.0,1.0,0.0,1.0,"['Grain', 'Grain', 'Lumber']",1.0,120.0,0.0,22:15:00,,,,,,,,,,,,,,,,
3.0,2022-03-08,Cc,1.0,,M,8.0,Blue,1.0,1.0,4.0,8.0,0.0,0.0,0.0,2.0,"['Wool', 'Wool']",0.0,120.0,0.0,22:15:00,,,,,,,,,,,,,,,,
3.0,2022-03-08,M,2.0,,M,11.0,Orange,5.0,1.0,8.0,1.0,0.0,0.0,0.0,1.0,"['Ore', 'Wool', 'Wool']",0.0,120.0,0.0,22:15:00,,,,,,,,,,,,,,,,
4.0,2022-03-09,Cc,1.0,,B,4.0,Blue,2.0,0.0,7.0,0.0,0.0,0.0,0.0,0.0,"['Brick', 'Ore', 'Grain']",0.0,70.0,0.0,22:10:00,,,0.0,0.0,0.0,0.0,0.0,0.0,,,,,,,,
4.0,2022-03-09,M,3.0,,B,6.0,Orange,2.0,2.0,4.0,0.0,0.0,0.0,1.0,0.0,"['Wool', 'Grain', 'Lumber']",0.0,70.0,0.0,22:10:00,,,0.0,0.0,0.0,0.0,0.0,0.0,,,,,,,,
4.0,2022-03-09,B,2.0,,B,10.0,Red,3.0,1.0,9.0,2.0,1.0,1.0,0.0,2.0,"['Lumber', 'Brick']",0.0,70.0,0.0,22:10:00,,,1.0,0.0,0.0,0.0,0.0,0.0,,,,,,,,
4.0,2022-03-09,A,4.0,F,B,4.0,White,2.0,0.0,2.0,0.0,0.0,0.0,0.0,0.0,"['Ore', 'Ore', 'Grain']",1.0,70.0,0.0,22:10:00,,,0.0,0.0,0.0,0.0,0.0,0.0,,,,,,,,
5.0,2022-03-10,A,1.0,,F,6.0,White,1.0,2.0,7.0,3.0,0.0,1.0,0.0,0.0,"['Ore', 'Ore', 'Lumber']",0.0,75.0,0.0,20:35:00,,,0.0,0.0,0.0,0.0,0.0,0.0,,,,,,,,
5.0,2022-03-10,F,2.0,,F,10.0,Orange,3.0,2.0,6.0,4.0,0.0,0.0,1.0,2.0,"['Brick', 'Wool', 'Ore']",0.0,75.0,0.0,20:35:00,,,0.0,0.0,0.0,0.0,0.0,0.0,,,,,,,,
5.0,2022-03-10,B,3.0,,F,5.0,Blue,1.0,2.0,5.0,2.0,1.0,0.0,0.0,1.0,"['Grain', 'Lumber', 'Lumber']",1.0,75.0,0.0,20:35:00,,,0.0,0.0,1.0,0.0,0.0,0.0,,,,,,,,
6.0,2022-03-11,A,1.0,,A,10.0,White,4.0,2.0,7.0,3.0,1.0,1.0,1.0,1.0,"['Grain', 'Wool', 'Wool']",1.0,45.0,0.0,20:00:00,,,0.0,0.0,0.0,0.0,0.0,0.0,,,,,,,,
6.0,2022-03-11,F,2.0,,A,6.0,Orange,1.0,3.0,8.0,2.0,0.0,0.0,0.0,1.0,"['Lumber', 'Brick', 'Wool']",0.0,45.0,0.0,20:00:00,,,0.0,0.0,0.0,0.0,0.0,0.0,,,,,,,,
6.0,2022-03-11,B,3.0,,A,6.0,Blue,1.0,2.0,8.0,5.0,0.0,0.0,0.0,1.0,"['Lumber', 'Brick', 'Wool']",0.0,45.0,0.0,20:00:00,,,0.0,0.0,0.0,0.0,0.0,0.0,,,,,,,,
7.0,2022-03-12,B,1.0,,F,9.0,Blue,1.0,5.0,13.0,2.0,0.0,0.0,0.0,4.0,"['Ore', 'Ore', 'Brick']",0.0,70.0,0.0,22:00:00,,,0.0,0.0,0.0,0.0,0.0,0.0,,,,,,,,
7.0,2022-03-12,A,2.0,,F,8.0,White,2.0,3.0,10.0,4.0,0.0,1.0,1.0,0.0,"['Wool', 'Wool', 'Grain']",1.0,70.0,0.0,22:00:00,,,0.0,0.0,0.0,0.0,0.0,0.0,,,,,,,,
7.0,2022-03-12,F,3.0,,F,10.0,Orange,3.0,1.0,7.0,6.0,1.0,0.0,0.0,1.0,"['Ore', 'Grain', 'Lumber']",0.0,70.0,0.0,22:00:00,,,0.0,0.0,0.0,0.0,0.0,0.0,,,,,,,,
8.0,2022-03-16,A,1.0,,E,9.0,White,3.0,3.0,8.0,3.0,1.0,1.0,1.0,2.0,"['Lumber', 'Ore', 'Wool']",1.0,50.0,0.0,22:00:00,,,0.0,0.0,0.0,0.0,0.0,0.0,1.0,0.0,1.0,0.0,0.0,0.0,,
8.0,2022-03-16,B,3.0,,E,7.0,Blue,2.0,2.0,9.0,2.0,0.0,0.0,0.0,0.0,"['Ore', 'Lumber', 'Brick']",0.0,50.0,0.0,22:00:00,,,0.0,0.0,0.0,0.0,0.0,0.0,0.0,0.0,0.0,0.0,0.0,0.0,,
8.0,2022-03-16,E,2.0,,E,10.0,Red,3.0,2.0,10.0,1.0,0.0,0.0,0.0,3.0,"['Wool', 'Ore', 'Lumber']",0.0,50.0,0.0,22:00:00,,,0.0,0.0,0.0,0.0,0.0,0.0,0.0,0.0,2.0,0.0,0.0,1.0,,
9.0,2022-03-17,B,1.0,,E,7.0,Blue,3.0,0.0,4.0,3.0,0.0,0.0,0.0,1.0,"['Lumber', 'Brick']",0.0,75.0,0.0,19:10:00,,,0.0,0.0,0.0,0.0,0.0,0.0,0.0,0.0,1.0,0.0,0.0,0.0,,
9.0,2022-03-17,A,2.0,,E,7.0,White,1.0,3.0,7.0,3.0,0.0,0.0,1.0,1.0,"['Lumber', 'Brick', 'Wool']",1.0,75.0,0.0,19:10:00,,,0.0,0.0,0.0,0.0,0.0,0.0,0.0,0.0,0.0,0.0,1.0,0.0,,
9.0,2022-03-17,F,3.0,,E,7.0,Orange,3.0,1.0,5.0,3.0,0.0,0.0,0.0,1.0,"['Grain', 'Lumber', 'Brick']",0.0,75.0,0.0,19:10:00,,,0.0,0.0,0.0,0.0,0.0,0.0,0.0,0.0,1.0,0.0,0.0,0.0,,
9.0,2022-03-17,E,4.0,,E,10.0,Red,3.0,1.0,9.0,6.0,1.0,1.0,0.0,0.0,"['Grain', 'Brick', 'Lumber']",0.0,75.0,0.0,19:10:00,,,0.0,0.0,0.0,0.0,0.0,0.0,0.0,0.0,0.0,0.0,0.0,0.0,,
10.0,2022-03-17,B,1.0,,A,3.0,Blue,0.0,3.0,7.0,1.0,0.0,0.0,0.0,1.0,"['Ore', 'Ore', 'Lumber']",0.0,60.0,0.0,21:30:00,,,0.0,0.0,0.0,0.0,0.0,0.0,0.0,0.0,0.0,0.0,1.0,0.0,,
10.0,2022-03-17,A,2.0,,A,10.0,White,4.0,0.0,10.0,2.0,1.0,0.0,1.0,0.0,"['Lumber', 'Brick', 'Lumber']",1.0,60.0,0.0,21:30:00,,,0.0,0.0,0.0,0.0,0.0,0.0,0.0,0.0,0.0,0.0,0.0,0.0,,
10.0,2022-03-17,E,3.0,,A,8.0,Red,1.0,4.0,8.0,6.0,0.0,0.0,0.0,3.0,"['Brick', 'Wool', 'Ore']",0.0,60.0,0.0,21:30:00,,,0.0,0.0,0.0,0.0,0.0,0.0,1.0,0.0,1.0,1.0,0.0,0.0,,
11.0,2022-03-18,A,4.0,,A,10.0,White,4.0,2.0,5.0,7.0,0.0,1.0,0.0,1.0,"['Grain', 'Grain', 'Wool']",1.0,90.0,0.0,22:10:00,,,0.0,0.0,0.0,0.0,0.0,0.0,0.0,1.0,0.0,0.0,0.0,0.0,,
11.0,2022-03-18,F,3.0,,A,6.0,Orange,2.0,2.0,7.0,3.0,0.0,0.0,1.0,1.0,"['Grain', 'Brick', 'Wool']",0.0,90.0,0.0,22:10:00,,,0.0,0.0,0.0,0.0,0.0,0.0,0.0,0.0,0.0,0.0,1.0,0.0,,
11.0,2022-03-18,E,1.0,,A,8.0,Red,1.0,3.0,9.0,6.0,1.0,0.0,0.0,1.0,"['Lumber', 'Ore', 'Brick']",0.0,90.0,0.0,22:10:00,,,0.0,0.0,0.0,0.0,0.0,0.0,1.0,0.0,0.0,0.0,0.0,0.0,,
11.0,2022-03-18,B,2.0,,A,6.0,Blue,0.0,5.0,12.0,5.0,0.0,0.0,0.0,1.0,"['Lumber', 'Brick', 'Wool']",0.0,90.0,0.0,22:10:00,,,0.0,0.0,0.0,0.0,0.0,0.0,0.0,0.0,1.0,0.0,0.0,0.0,,
12.0,2022-03-20,E,2.0,,B,8.0,Orange,2.0,3.0,8.0,3.0,0.0,0.0,1.0,2.0,"['Ore', 'Lumber', 'Wool']",1.0,60.0,0.0,22:50:00,0.0,0.0,0.0,0.0,0.0,0.0,0.0,0.0,0.0,1.0,0.0,0.0,1.0,0.0,,
12.0,2022-03-20,B,3.0,,B,10.0,Blue,1.0,4.0,10.0,7.0,1.0,0.0,0.0,0.0,"['Wool', 'Brick', 'Grain']",0.0,60.0,0.0,22:50:00,0.0,1.0,0.0,0.0,0.0,0.0,0.0,0.0,0.0,0.0,0.0,0.0,0.0,0.0,,
12.0,2022-03-20,A,1.0,,B,9.0,White,2.0,3.0,11.0,4.0,0.0,1.0,0.0,4.0,"['Lumber', 'Lumber', 'Wool']",0.0,60.0,0.0,22:50:00,1.0,0.0,0.0,0.0,0.0,0.0,1.0,0.0,1.0,0.0,1.0,2.0,0.0,0.0,,
13.0,2022-03-21,B,1.0,,A,8.0,Blue,1.0,4.0,10.0,2.0,0.0,0.0,1.0,2.0,"['Brick', 'Wool']",0.0,50.0,0.0,23:40:00,1.0,0.0,0.0,1.0,0.0,0.0,0.0,0.0,0.0,1.0,0.0,0.0,1.0,0.0,,
13.0,2022-03-21,A,2.0,,A,10.0,White,4.0,0.0,5.0,4.0,0.0,0.0,0.0,1.0,"['Lumber', 'Wool', 'Brick']",0.0,50.0,0.0,23:40:00,0.0,1.0,0.0,0.0,0.0,0.0,0.0,0.0,0.0,0.0,1.0,0.0,0.0,0.0,,
13.0,2022-03-21,E,3.0,,A,6.0,Red,3.0,0.0,7.0,2.0,1.0,1.0,0.0,0.0,"['Brick', 'Wool', 'Ore']",1.0,50.0,0.0,23:40:00,0.0,0.0,0.0,0.0,0.0,0.0,0.0,0.0,0.0,0.0,0.0,0.0,0.0,0.0,,
14.0,2022-03-23,A,4.0,,A,10.0,White,3.0,2.0,12.0,1.0,0.0,0.0,1.0,0.0,"['Grain', 'Wool', 'Lumber']",0.0,50.0,0.0,22:40:00,1.0,0.0,0.0,0.0,0.0,0.0,0.0,0.0,0.0,0.0,0.0,0.0,0.0,0.0,,
14.0,2022-03-23,E,2.0,,A,7.0,Orange,1.0,3.0,4.0,4.0,0.0,0.0,0.0,1.0,"['Brick', 'Grain', 'Wool']",0.0,50.0,0.0,22:40:00,0.0,1.0,0.0,0.0,0.0,0.0,0.0,0.0,0.0,0.0,0.0,0.0,1.0,0.0,,
14.0,2022-03-23,B,1.0,,A,4.0,Blue,1.0,2.0,7.0,1.0,0.0,1.0,0.0,2.0,"['Ore', 'Brick']",0.0,50.0,0.0,22:40:00,0.0,0.0,0.0,0.0,1.0,0.0,0.0,0.0,0.0,1.0,1.0,0.0,0.0,0.0,,
14.0,2022-03-23,Cc,3.0,,A,7.0,Red,1.0,4.0,9.0,1.0,1.0,0.0,0.0,1.0,"['Wool', 'Lumber', 'Ore']",1.0,50.0,0.0,22:40:00,0.0,0.0,0.0,0.0,0.0,0.0,0.0,0.0,0.0,0.0,0.0,1.0,0.0,0.0,,
15.0,2022-03-25,A,4.0,,A,10.0,White,2.0,1.0,3.0,7.0,1.0,0.0,0.0,0.0,"['Grain', 'Wool', 'Ore']",1.0,90.0,1.0,22:30:00,0.0,1.0,0.0,0.0,0.0,0.0,0.0,0.0,0.0,0.0,0.0,0.0,0.0,0.0,,
15.0,2022-03-25,E,2.0,,A,9.0,Green,4.0,0.0,4.0,5.0,0.0,0.0,1.0,2.0,"['Grain', 'Lumber']",0.0,90.0,1.0,22:30:00,0.0,0.0,0.0,0.0,0.0,1.0,0.0,0.0,0.0,0.0,0.0,0.0,0.0,1.0,,
15.0,2022-03-25,F,6.0,,A,6.0,Brown,3.0,0.0,6.0,2.0,0.0,1.0,0.0,0.0,"['Grain', 'Grain', 'Brick']",0.0,90.0,1.0,22:30:00,0.0,0.0,0.0,0.0,0.0,0.0,0.0,0.0,0.0,0.0,0.0,0.0,0.0,0.0,,
15.0,2022-03-25,M,5.0,,A,9.0,Orange,4.0,1.0,5.0,0.0,0.0,0.0,0.0,0.0,"['Grain', 'Ore', 'Wool']",0.0,90.0,1.0,22:30:00,0.0,0.0,0.0,0.0,0.0,0.0,0.0,0.0,0.0,0.0,0.0,0.0,0.0,0.0,,
15.0,2022-03-25,Cc,1.0,,A,6.0,Blue,3.0,0.0,4.0,2.0,0.0,0.0,0.0,1.0,"['Wool', 'Wool', 'Grain']",0.0,90.0,1.0,22:30:00,0.0,0.0,0.0,0.0,0.0,0.0,0.0,0.0,0.0,0.0,1.0,0.0,0.0,0.0,,
15.0,2022-03-25,B,3.0,,A,7.0,Red,0.0,5.0,8.0,1.0,0.0,0.0,0.0,1.0,"['Grain', 'Grain', 'Lumber']",0.0,90.0,1.0,22:30:00,1.0,0.0,0.0,0.0,0.0,0.0,0.0,0.0,0.0,0.0,1.0,0.0,0.0,0.0,,
16.0,2022-03-26,A,2.0,,A,10.0,White,4.0,0.0,4.0,4.0,0.0,1.0,0.0,2.0,"['Grain', 'Wool', 'Brick']",1.0,70.0,1.0,02:00:00,0.0,0.0,0.0,0.0,0.0,0.0,0.0,0.0,1.0,0.0,0.0,0.0,1.0,0.0,,
16.0,2022-03-26,B,1.0,,A,5.0,Green,2.0,1.0,5.0,1.0,0.0,0.0,0.0,1.0,"['Ore', 'Brick']",0.0,70.0,1.0,02:00:00,0.0,0.0,0.0,0.0,0.0,0.0,0.0,0.0,0.0,0.0,1.0,0.0,0.0,0.0,,
16.0,2022-03-26,E,5.0,,A,5.0,Brown,1.0,3.0,5.0,1.0,0.0,0.0,0.0,1.0,"['Brick', 'Wool', 'Grain']",0.0,70.0,1.0,02:00:00,0.0,0.0,0.0,0.0,1.0,0.0,0.0,0.0,0.0,1.0,0.0,0.0,0.0,0.0,,
16.0,2022-03-26,M,3.0,,A,7.0,Orange,1.0,3.0,7.0,0.0,0.0,0.0,1.0,1.0,"['Wool', 'Wool', 'Brick']",0.0,70.0,1.0,02:00:00,1.0,0.0,0.0,0.0,0.0,0.0,0.0,0.0,0.0,0.0,1.0,0.0,0.0,0.0,,
16.0,2022-03-26,Cc,4.0,,A,6.0,Red,2.0,0.0,6.0,6.0,1.0,0.0,0.0,0.0,"['Grain', 'Grain', 'Wool']",0.0,70.0,1.0,02:00:00,0.0,1.0,0.0,0.0,0.0,0.0,0.0,0.0,0.0,0.0,0.0,0.0,0.0,0.0,,
17.0,2022-03-26,B,1.0,,E,4.0,Blue,0.0,4.0,9.0,0.0,0.0,0.0,0.0,1.0,"['Wool', 'Lumber']",0.0,85.0,1.0,19:20:00,0.0,0.0,0.0,0.0,1.0,0.0,0.0,0.0,0.0,1.0,0.0,0.0,0.0,0.0,,
17.0,2022-03-26,A,2.0,,E,7.0,White,1.0,4.0,7.0,2.0,0.0,0.0,0.0,1.0,"['Lumber', 'Ore', 'Grain']",0.0,85.0,1.0,19:20:00,0.0,0.0,0.0,0.0,0.0,0.0,0.0,0.0,1.0,0.0,0.0,0.0,0.0,0.0,,
17.0,2022-03-26,M,3.0,,E,6.0,Orange,3.0,0.0,8.0,1.0,0.0,0.0,0.0,1.0,"['Lumber', 'Grain', 'Wool']",0.0,85.0,1.0,19:20:00,0.0,0.0,0.0,0.0,0.0,0.0,0.0,0.0,0.0,0.0,1.0,0.0,0.0,0.0,,
17.0,2022-03-26,Cc,4.0,,E,7.0,Brown,3.0,1.0,4.0,0.0,0.0,1.0,0.0,2.0,"['Ore', 'Brick', 'Grain']",1.0,85.0,1.0,19:20:00,0.0,0.0,0.0,0.0,0.0,0.0,0.0,0.0,0.0,0.0,1.0,0.0,0.0,1.0,,
17.0,2022-03-26,E,5.0,,E,10.0,Green,3.0,2.0,8.0,4.0,1.0,0.0,1.0,2.0,"['Ore', 'Wool', 'Lumber']",0.0,85.0,1.0,19:20:00,1.0,0.0,0.0,0.0,0.0,0.0,0.0,0.0,0.0,0.0,1.0,0.0,0.0,1.0,,
18.0,2022-03-26,Cc,1.0,,B,7.0,Brown,3.0,1.0,5.0,0.0,0.0,0.0,0.0,1.0,"['Grain', 'Grain', 'Grain']",1.0,55.0,1.0,22:40:00,0.0,0.0,0.0,0.0,0.0,0.0,0.0,0.0,0.0,0.0,1.0,0.0,0.0,0.0,,
18.0,2022-03-26,E,2.0,,B,8.0,Green,4.0,0.0,4.0,1.0,0.0,0.0,1.0,1.0,"['Grain', 'Grain']",0.0,55.0,1.0,22:40:00,0.0,0.0,0.0,1.0,0.0,0.0,0.0,0.0,0.0,0.0,0.0,0.0,1.0,0.0,,
18.0,2022-03-26,B,3.0,,B,10.0,Blue,3.0,1.0,7.0,4.0,1.0,1.0,0.0,1.0,"['Ore', 'Lumber', 'Grain']",0.0,55.0,1.0,22:40:00,0.0,1.0,0.0,0.0,0.0,0.0,0.0,0.0,0.0,0.0,1.0,0.0,0.0,0.0,,
18.0,2022-03-26,A,4.0,,B,8.0,White,1.0,4.0,9.0,0.0,0.0,0.0,0.0,1.0,"['Lumber', 'Grain', 'Wool']",0.0,55.0,1.0,22:40:00,1.0,0.0,0.0,0.0,0.0,0.0,0.0,0.0,0.0,1.0,0.0,0.0,0.0,0.0,,
18.0,2022-03-26,M,5.0,,B,6.0,Orange,3.0,0.0,5.0,0.0,0.0,0.0,0.0,1.0,"['Lumber', 'Brick', 'Grain']",0.0,55.0,1.0,22:40:00,0.0,0.0,0.0,0.0,0.0,0.0,0.0,0.0,0.0,0.0,1.0,0.0,0.0,0.0,,
19.0,2022-03-27,Cc,1.0,,A,5.0,Red,2.0,1.0,4.0,0.0,0.0,1.0,0.0,2.0,"['Ore', 'Ore', 'Brick']",1.0,55.0,1.0,02:20:00,0.0,0.0,0.0,0.0,0.0,0.0,0.0,0.0,1.0,0.0,0.0,0.0,0.0,1.0,,
19.0,2022-03-27,E,2.0,,A,6.0,Green,2.0,2.0,4.0,1.0,0.0,0.0,0.0,1.0,"['Grain', 'Grain', 'Lumber']",0.0,55.0,1.0,02:20:00,0.0,0.0,0.0,0.0,0.0,0.0,0.0,0.0,0.0,0.0,1.0,0.0,0.0,0.0,,
19.0,2022-03-27,B,3.0,,A,7.0,Blue,3.0,1.0,7.0,1.0,0.0,0.0,0.0,0.0,"['Ore', 'Grain', 'Brick']",0.0,55.0,1.0,02:20:00,0.0,0.0,0.0,0.0,0.0,0.0,0.0,0.0,0.0,0.0,0.0,0.0,0.0,0.0,,
19.0,2022-03-27,A,4.0,,A,10.0,White,2.0,4.0,9.0,2.0,1.0,0.0,1.0,1.0,"['Lumber', 'Lumber', 'Brick']",0.0,55.0,1.0,02:20:00,1.0,0.0,0.0,0.0,0.0,0.0,0.0,0.0,0.0,0.0,1.0,0.0,0.0,0.0,,
19.0,2022-03-27,M,5.0,,A,6.0,Orange,3.0,0.0,6.0,0.0,0.0,0.0,0.0,0.0,"['Grain', 'Ore', 'Brick']",0.0,55.0,1.0,02:20:00,0.0,0.0,0.0,0.0,0.0,0.0,0.0,0.0,0.0,0.0,0.0,0.0,0.0,0.0,,
20.0,2022-03-27,A,1.0,,Cc,6.0,White,2.0,2.0,4.0,3.0,0.0,0.0,1.0,1.0,"['Grain', 'Brick']",0.0,70.0,1.0,16:50:00,0.0,0.0,0.0,0.0,0.0,0.0,0.0,0.0,0.0,0.0,1.0,0.0,0.0,0.0,,
20.0,2022-03-27,M,2.0,,Cc,6.0,Orange,1.0,4.0,7.0,0.0,0.0,0.0,0.0,2.0,"['Lumber', 'Lumber', 'Grain']",0.0,70.0,1.0,16:50:00,0.0,0.0,0.0,0.0,0.0,0.0,0.0,0.0,0.0,0.0,1.0,0.0,1.0,0.0,,
20.0,2022-03-27,Cc,3.0,,Cc,10.0,Green,2.0,3.0,8.0,3.0,0.0,0.0,0.0,1.0,"['Wool', 'Wool', 'Brick']",1.0,70.0,1.0,16:50:00,1.0,0.0,0.0,0.0,0.0,0.0,0.0,0.0,0.0,0.0,1.0,0.0,0.0,0.0,,
20.0,2022-03-27,E,4.0,,Cc,6.0,Brown,2.0,2.0,2.0,2.0,1.0,1.0,0.0,2.0,"['Lumber', 'Wool', 'Grain']",0.0,70.0,1.0,16:50:00,0.0,0.0,0.0,0.0,0.0,0.0,0.0,0.0,0.0,0.0,1.0,0.0,0.0,1.0,,
20.0,2022-03-27,B,5.0,,Cc,6.0,Blue,3.0,0.0,4.0,1.0,0.0,0.0,0.0,0.0,"['Grain', 'Lumber', 'Wool']",0.0,70.0,1.0,16:50:00,0.0,0.0,0.0,0.0,0.0,0.0,0.0,0.0,0.0,0.0,0.0,0.0,0.0,0.0,,
21.0,2022-03-28,B,1.0,,A,8.0,Blue,4.0,0.0,9.0,0.0,0.0,1.0,0.0,0.0,"['Grain', 'Grain', 'Lumber']",0.0,60.0,0.0,21:50:00,0.0,0.0,0.0,0.0,0.0,0.0,0.0,0.0,0.0,0.0,0.0,0.0,0.0,0.0,,
21.0,2022-03-28,E,2.0,,A,8.0,Red,0.0,5.0,12.0,2.0,1.0,0.0,1.0,1.0,"['Ore', 'Wool', 'Brick']",0.0,60.0,0.0,21:50:00,1.0,0.0,0.0,0.0,0.0,0.0,0.0,0.0,0.0,0.0,0.0,0.0,1.0,0.0,,
21.0,2022-03-28,A,3.0,,A,10.0,White,4.0,1.0,6.0,4.0,0.0,0.0,0.0,2.0,"['Brick', 'Brick', 'Lumber']",1.0,60.0,0.0,21:50:00,0.0,0.0,0.0,0.0,0.0,0.0,0.0,0.0,1.0,0.0,0.0,1.0,0.0,0.0,,
22.0,2022-03-28,A,1.0,,A,10.0,Red,3.0,3.0,11.0,1.0,0.0,1.0,0.0,1.0,"['Lumber', 'Grain', 'Brick']",0.0,45.0,0.0,23:50:00,1.0,0.0,0.0,0.0,0.0,0.0,0.0,0.0,0.0,0.0,0.0,0.0,0.0,1.0,,
22.0,2022-03-28,B,2.0,,A,4.0,Orange,1.0,2.0,3.0,0.0,0.0,0.0,0.0,2.0,['Grain'],0.0,45.0,0.0,23:50:00,0.0,0.0,1.0,1.0,0.0,0.0,0.0,0.0,1.0,0.0,0.0,0.0,1.0,0.0,,
22.0,2022-03-28,E,3.0,,A,5.0,White,0.0,4.0,8.0,2.0,1.0,0.0,1.0,1.0,"['Ore', 'Brick', 'Lumber']",1.0,45.0,0.0,23:50:00,0.0,0.0,0.0,0.0,0.0,0.0,0.0,0.0,0.0,0.0,1.0,0.0,0.0,0.0,,
23.0,2022-04-01,B,1.0,,B,10.0,Red,4.0,0.0,4.0,5.0,1.0,0.0,1.0,1.0,"['Brick', 'Ore', 'Lumber']",0.0,40.0,0.0,00:50:00,0.0,1.0,0.0,0.0,0.0,0.0,0.0,0.0,0.0,0.0,0.0,1.0,0.0,0.0,,
23.0,2022-04-01,A,2.0,,B,6.0,White,3.0,0.0,5.0,1.0,0.0,0.0,0.0,1.0,"['Grain', 'Ore', 'Brick']",1.0,40.0,0.0,00:50:00,0.0,0.0,0.0,0.0,0.0,0.0,0.0,0.0,0.0,0.0,0.0,0.0,0.0,1.0,,
23.0,2022-04-01,E,3.0,,B,9.0,Blue,2.0,1.0,7.0,2.0,0.0,1.0,0.0,1.0,"['Grain', 'Lumber', 'Ore']",0.0,40.0,0.0,00:50:00,1.0,0.0,0.0,0.0,0.0,0.0,0.0,0.0,1.0,0.0,0.0,0.0,0.0,0.0,,
24.0,2022-04-01,A,2.0,F,E,8.0,White,4.0,0.0,6.0,5.0,0.0,0.0,1.0,0.0,"['Brick', 'Brick', 'Grain']",1.0,110.0,1.0,22:10:00,0.0,0.0,0.0,0.0,0.0,0.0,0.0,0.0,0.0,0.0,0.0,0.0,0.0,0.0,,
24.0,2022-04-01,B,6.0,,E,7.0,Blue,3.0,1.0,5.0,0.0,0.0,0.0,0.0,1.0,"['Lumber', 'Lumber', 'Grain']",0.0,110.0,1.0,22:10:00,0.0,0.0,0.0,0.0,0.0,0.0,0.0,0.0,0.0,0.0,0.0,0.0,1.0,0.0,,
24.0,2022-04-01,E,5.0,,E,10.0,Brown,4.0,0.0,5.0,3.0,1.0,1.0,0.0,2.0,"['Ore', 'Wool']",0.0,110.0,1.0,22:10:00,0.0,1.0,0.0,0.0,0.0,0.0,0.0,0.0,0.0,0.0,1.0,1.0,0.0,0.0,,
24.0,2022-04-01,Cc,1.0,,E,8.0,Red,2.0,2.0,7.0,0.0,0.0,0.0,0.0,0.0,"['Wool', 'Wool', 'Grain']",0.0,110.0,1.0,22:10:00,1.0,0.0,0.0,0.0,0.0,0.0,0.0,0.0,0.0,0.0,0.0,0.0,0.0,0.0,,
24.0,2022-04-01,V,4.0,,E,8.0,Green,4.0,0.0,8.0,0.0,0.0,0.0,0.0,1.0,"['Ore', 'Ore', 'Grain']",0.0,110.0,1.0,22:10:00,0.0,0.0,0.0,0.0,0.0,0.0,0.0,0.0,0.0,0.0,0.0,0.0,0.0,1.0,,
24.0,2022-04-01,M,3.0,,E,8.0,Orange,4.0,0.0,7.0,1.0,0.0,0.0,0.0,1.0,"['Ore', 'Lumber', 'Brick']",0.0,110.0,1.0,22:10:00,0.0,0.0,0.0,0.0,0.0,0.0,0.0,0.0,0.0,0.0,1.0,0.0,0.0,0.0,,
25.0,2022-04-14,M,1.0,,F,9.0,Orange,4.0,1.0,10.0,0.0,0.0,1.0,0.0,1.0,"['Brick', 'Wool', 'Grain']",0.0,55.0,1.0,22:10:00,0.0,0.0,0.0,0.0,0.0,0.0,0.0,0.0,0.0,0.0,1.0,0.0,0.0,0.0,,
25.0,2022-04-14,A,2.0,,F,8.0,White,1.0,4.0,10.0,0.0,0.0,0.0,1.0,1.0,"['Brick', 'Brick', 'Lumber']",0.0,55.0,1.0,22:10:00,1.0,0.0,0.0,0.0,0.0,0.0,0.0,0.0,0.0,0.0,0.0,0.0,1.0,0.0,,
25.0,2022-04-14,F,3.0,,F,10.0,Brown,4.0,1.0,9.0,2.0,1.0,0.0,0.0,2.0,"['Ore', 'Wool', 'Lumber']",0.0,55.0,1.0,22:10:00,0.0,0.0,0.0,0.0,0.0,0.0,0.0,0.0,0.0,0.0,1.0,1.0,0.0,0.0,,
25.0,2022-04-14,Cc,4.0,,F,7.0,Blue,1.0,3.0,4.0,5.0,0.0,0.0,0.0,1.0,"['Wool', 'Grain', 'Brick']",1.0,55.0,1.0,22:10:00,0.0,0.0,0.0,0.0,0.0,0.0,0.0,0.0,0.0,1.0,0.0,0.0,0.0,0.0,,
25.0,2022-04-14,B,5.0,,F,3.0,Red,0.0,3.0,10.0,0.0,0.0,0.0,0.0,0.0,"['Grain', 'Lumber', 'Wool']",0.0,55.0,1.0,22:10:00,0.0,0.0,0.0,0.0,0.0,0.0,0.0,0.0,0.0,0.0,0.0,0.0,0.0,0.0,,
26.0,2022-04-17,B,1.0,,B,10.0,Blue,1.0,4.0,12.0,3.0,1.0,0.0,0.0,3.0,"['Lumber', 'Lumber', 'Wool']",0.0,75.0,0.0,15:00:00,1.0,1.0,0.0,0.0,0.0,0.0,0.0,0.0,0.0,0.0,3.0,0.0,0.0,0.0,,
26.0,2022-04-17,A,2.0,,B,7.0,White,2.0,3.0,8.0,3.0,0.0,1.0,0.0,1.0,"['Lumber', 'Grain']",1.0,75.0,0.0,15:00:00,0.0,0.0,0.0,0.0,1.0,0.0,0.0,0.0,0.0,1.0,0.0,0.0,0.0,0.0,,
26.0,2022-04-17,E,3.0,,B,8.0,Orange,2.0,3.0,7.0,3.0,0.0,0.0,1.0,2.0,"['Wool', 'Grain', 'Brick']",0.0,75.0,0.0,15:00:00,0.0,0.0,0.0,0.0,0.0,0.0,0.0,0.0,1.0,0.0,0.0,1.0,0.0,0.0,,
26.0,2022-04-17,V,4.0,,B,6.0,Red,1.0,3.0,5.0,2.0,0.0,0.0,0.0,2.0,"['Lumber', 'Grain', 'Wool']",0.0,75.0,0.0,15:00:00,0.0,0.0,0.0,1.0,0.0,0.0,0.0,0.0,0.0,0.0,0.0,0.0,1.0,1.0,,
27.0,2022-04-17,V,1.0,,Cc,8.0,Blue,1.0,4.0,10.0,0.0,0.0,0.0,1.0,1.0,"['Grain', 'Lumber', 'Brick']",0.0,60.0,1.0,22:10:00,1.0,0.0,0.0,0.0,0.0,0.0,0.0,0.0,0.0,1.0,0.0,0.0,0.0,0.0,,
27.0,2022-04-17,E,2.0,,Cc,8.0,Brown,4.0,0.0,4.0,1.0,0.0,0.0,0.0,2.0,"['Lumber', 'Lumber', 'Grain']",0.0,60.0,1.0,22:10:00,0.0,0.0,0.0,0.0,0.0,0.0,0.0,0.0,0.0,0.0,1.0,1.0,0.0,0.0,,
27.0,2022-04-17,M,3.0,,Cc,9.0,Orange,4.0,1.0,9.0,0.0,0.0,1.0,0.0,0.0,"['Wool', 'Grain', 'Ore']",0.0,60.0,1.0,22:10:00,0.0,0.0,0.0,0.0,0.0,0.0,0.0,0.0,0.0,0.0,0.0,0.0,0.0,0.0,,
27.0,2022-04-17,Cc,4.0,,Cc,10.0,Red,5.0,0.0,7.0,0.0,0.0,0.0,0.0,2.0,"['Brick', 'Ore', 'Wool']",0.0,60.0,1.0,22:10:00,0.0,0.0,0.0,0.0,0.0,0.0,0.0,0.0,0.0,0.0,1.0,0.0,0.0,1.0,,
27.0,2022-04-17,A,5.0,,Cc,7.0,White,1.0,4.0,9.0,2.0,1.0,0.0,0.0,1.0,"['Lumber', 'Lumber', 'Wool']",1.0,60.0,1.0,22:10:00,0.0,0.0,0.0,0.0,0.0,0.0,0.0,0.0,0.0,0.0,0.0,0.0,0.0,0.0,,
27.0,2022-04-17,B,6.0,,Cc,7.0,Green,2.0,3.0,7.0,0.0,0.0,0.0,0.0,2.0,"['Brick', 'Lumber', 'Lumber']",0.0,60.0,1.0,22:10:00,0.0,0.0,0.0,0.0,0.0,0.0,0.0,0.0,0.0,0.0,1.0,0.0,1.0,0.0,,
28.0,2022-04-20,M,1.0,,M,10.0,Orange,5.0,0.0,9.0,0.0,0.0,1.0,0.0,1.0,"['Grain', 'Brick', 'Wool']",0.0,60.0,0.0,22:50:00,0.0,0.0,0.0,0.0,0.0,0.0,0.0,0.0,0.0,0.0,1.0,0.0,0.0,0.0,,
28.0,2022-04-20,B,2.0,,M,9.0,Blue,1.0,4.0,11.0,4.0,1.0,0.0,1.0,1.0,"['Lumber', 'Ore', 'Wool']",0.0,60.0,0.0,22:50:00,1.0,0.0,0.0,1.0,0.0,0.0,0.0,0.0,0.0,0.0,0.0,0.0,1.0,0.0,,
28.0,2022-04-20,A,3.0,,M,9.0,White,2.0,2.0,6.0,7.0,0.0,0.0,0.0,1.0,"['Brick', 'Grain']",1.0,60.0,0.0,22:50:00,0.0,1.0,0.0,0.0,0.0,1.0,0.0,0.0,0.0,0.0,0.0,0.0,0.0,1.0,,
29.0,2022-04-22,Cc,1.0,,A,7.0,Red,2.0,2.0,4.0,5.0,1.0,0.0,0.0,1.0,"['Grain', 'Brick', 'Ore']",0.0,50.0,1.0,23:10:00,0.0,1.0,0.0,0.0,0.0,0.0,0.0,0.0,0.0,0.0,1.0,0.0,0.0,0.0,,
29.0,2022-04-22,B,2.0,,A,4.0,Green,0.0,4.0,5.0,0.0,0.0,0.0,0.0,2.0,['Lumber'],0.0,50.0,1.0,23:10:00,0.0,0.0,0.0,0.0,0.0,1.0,0.0,0.0,0.0,0.0,0.0,0.0,0.0,2.0,,
29.0,2022-04-22,A,3.0,,A,10.0,White,2.0,4.0,10.0,0.0,0.0,0.0,1.0,2.0,"['Lumber', 'Lumber', 'Brick']",1.0,50.0,1.0,23:10:00,1.0,0.0,0.0,0.0,0.0,0.0,0.0,0.0,0.0,0.0,1.0,0.0,1.0,0.0,,
29.0,2022-04-22,M,4.0,,A,8.0,Orange,3.0,2.0,7.0,0.0,0.0,0.0,0.0,1.0,"['Lumber', 'Ore', 'Grain']",0.0,50.0,1.0,23:10:00,0.0,0.0,0.0,0.0,0.0,0.0,0.0,0.0,0.0,0.0,0.0,0.0,0.0,0.0,,
29.0,2022-04-22,E,5.0,,A,8.0,Brown,3.0,2.0,7.0,0.0,0.0,1.0,0.0,2.0,"['Grain', 'Grain', 'Ore']",0.0,50.0,1.0,23:10:00,0.0,0.0,0.0,0.0,1.0,0.0,0.0,0.0,0.0,1.0,1.0,0.0,0.0,0.0,,
30.0,2022-05-01,Cc,1.0,,E,10.0,White,3.0,0.0,4.0,0.0,0.0,0.0,0.0,0.0,"['Ore', 'Lumber', 'Brick']",0.0,45.0,0.0,18:25:00,0.0,0.0,0.0,0.0,0.0,0.0,0.0,0.0,0.0,0.0,0.0,0.0,0.0,0.0,,
30.0,2022-05-01,B,2.0,,E,9.0,Blue,4.0,0.0,5.0,2.0,1.0,1.0,0.0,1.0,['Ore'],0.0,45.0,0.0,18:25:00,0.0,0.0,0.0,0.0,0.0,0.0,0.0,1.0,0.0,0.0,1.0,0.0,0.0,0.0,,
30.0,2022-05-01,M,3.0,,E,6.0,Orange,2.0,2.0,6.0,0.0,0.0,0.0,0.0,0.0,"['Lumber', 'Grain', 'Wool']",0.0,45.0,0.0,18:25:00,0.0,0.0,0.0,0.0,0.0,0.0,0.0,0.0,0.0,0.0,0.0,0.0,0.0,0.0,,
30.0,2022-05-01,E,4.0,,E,6.0,Red,2.0,3.0,1.0,1.0,0.0,0.0,1.0,1.0,"['Brick', 'Brick', 'Lumber']",1.0,45.0,0.0,18:25:00,1.0,0.0,0.0,0.0,0.0,0.0,0.0,0.0,0.0,1.0,0.0,0.0,0.0,0.0,,
31.0,2022-05-09,E,1.0,,E,10.0,Red,3.0,2.0,9.0,0.0,0.0,1.0,0.0,2.0,"['Brick', 'Brick', 'Lumber']",1.0,40.0,0.0,23:00:00,1.0,0.0,0.0,0.0,0.0,0.0,0.0,0.0,0.0,0.0,0.0,1.0,1.0,0.0,"5, 8, 10, 6, 4, 9",
31.0,2022-05-09,B,2.0,,E,5.0,Blue,1.0,3.0,6.0,1.0,0.0,0.0,0.0,1.0,"['Lumber', 'Lumber', 'Lumber']",0.0,40.0,0.0,23:00:00,0.0,0.0,0.0,0.0,0.0,0.0,0.0,0.0,0.0,0.0,1.0,0.0,0.0,0.0,"3, 4, 8, 5, 6, 9",
31.0,2022-05-09,Ck,3.0,,E,7.0,Orange,2.0,3.0,9.0,1.0,1.0,0.0,1.0,1.0,"['Wool', 'Lumber', 'Brick']",0.0,40.0,0.0,23:00:00,0.0,0.0,0.0,0.0,0.0,0.0,0.0,0.0,0.0,0.0,0.0,0.0,0.0,1.0,"3, 11, 10, 5, 4, 8",
32.0,2022-05-11,B,1.0,,B,10.0,Blue,1.0,3.0,11.0,6.0,1.0,0.0,0.0,0.0,"['Grain', 'Grain', 'Brick']",0.0,60.0,0.0,23:10:00,1.0,1.0,0.0,0.0,0.0,0.0,0.0,0.0,0.0,0.0,0.0,0.0,0.0,0.0,"5, 6, 9, 3, 8, 4",
32.0,2022-05-11,E,2.0,,B,9.0,Red,2.0,4.0,8.0,2.0,0.0,0.0,1.0,1.0,"['Wool', 'Lumber', 'Ore']",1.0,60.0,0.0,23:10:00,0.0,0.0,0.0,0.0,0.0,0.0,0.0,0.0,0.0,1.0,0.0,0.0,0.0,0.0,"5, 8, 10, 4, 11, 5",
32.0,2022-05-11,Ck,3.0,,B,6.0,Orange,1.0,4.0,9.0,1.0,0.0,1.0,0.0,3.0,"['Wool', 'Wool', 'Brick']",0.0,60.0,0.0,23:10:00,0.0,0.0,0.0,0.0,0.0,0.0,0.0,0.0,1.0,0.0,1.0,1.0,0.0,0.0,"3, 9, 6, 8, 4, 10",
33.0,2022-05-12,Ck,1.0,,B,7.0,Orange,2.0,3.0,7.0,1.0,0.0,0.0,1.0,2.0,"['Brick', 'Brick', 'Wool']",0.0,55.0,0.0,22:10:00,0.0,0.0,0.0,0.0,0.0,0.0,0.0,0.0,0.0,1.0,0.0,0.0,1.0,0.0,"10, 6, 9, 8, 11, 4",
33.0,2022-05-12,E,2.0,,B,9.0,Red,3.0,1.0,6.0,1.0,1.0,0.0,0.0,1.0,"['Lumber', 'Ore', 'Wool']",0.0,55.0,0.0,22:10:00,1.0,0.0,0.0,0.0,0.0,0.0,0.0,0.0,0.0,0.0,0.0,0.0,0.0,1.0,"5, 8, 10, 6, 3, 12",
33.0,2022-05-12,B,3.0,,B,10.0,Blue,3.0,0.0,4.0,6.0,0.0,1.0,0.0,0.0,"['Ore', 'Brick', 'Grain']",1.0,55.0,0.0,22:10:00,0.0,1.0,0.0,0.0,0.0,0.0,0.0,0.0,0.0,0.0,0.0,0.0,0.0,0.0,"3, 6, 4, 9, 10, 5",
34.0,2022-05-22,E,3.0,,B,7.0,White,3.0,1.0,4.0,2.0,0.0,0.0,1.0,2.0,"['Wool', 'Wool', 'Lumber']",1.0,40.0,0.0,18:00:00,0.0,0.0,0.0,0.0,0.0,0.0,0.0,0.0,1.0,0.0,0.0,1.0,0.0,0.0,"4, 3, 6, 5, 10, 8",
34.0,2022-05-22,Cc,1.0,,B,9.0,Red,0.0,5.0,7.0,2.0,1.0,0.0,0.0,1.0,"['Brick', 'Grain']",0.0,40.0,0.0,18:00:00,1.0,0.0,0.0,0.0,0.0,0.0,0.0,0.0,0.0,0.0,1.0,0.0,0.0,0.0,"5, 6, 11, 10, 8",
34.0,2022-05-22,M,2.0,,B,5.0,Orange,1.0,3.0,4.0,1.0,0.0,1.0,0.0,2.0,"['Grain', 'Lumber', 'Wool']",0.0,40.0,0.0,18:00:00,0.0,0.0,0.0,0.0,0.0,0.0,0.0,0.0,0.0,1.0,1.0,0.0,0.0,0.0,"5, 9, 10, 3, 11, 12",
34.0,2022-05-22,B,4.0,,B,10.0,Blue,4.0,0.0,4.0,5.0,0.0,0.0,0.0,1.0,"['Lumber', 'Ore', 'Ore']",0.0,40.0,0.0,18:00:00,0.0,1.0,0.0,0.0,0.0,0.0,0.0,0.0,0.0,0.0,1.0,0.0,0.0,0.0,"4, 9, 11, 9, 10, 6",
35.0,2022-06-20,E,1.0,,Cc,6.0,Blue,2.0,2.0,5.0,4.0,1.0,0.0,0.0,1.0,"['Brick', 'Brick', 'Ore']",1.0,75.0,0.0,23:00:00,0.0,0.0,0.0,0.0,0.0,0.0,0.0,0.0,0.0,0.0,1.0,0.0,0.0,0.0,"9, 6, 5, 8, 4, 3",
35.0,2022-06-20,Cc,2.0,,Cc,10.0,Red,1.0,5.0,12.0,3.0,0.0,0.0,0.0,2.0,"['Wool', 'Lumber', 'Brick']",0.0,75.0,0.0,23:00:00,1.0,0.0,0.0,0.0,0.0,0.0,0.0,0.0,0.0,1.0,1.0,0.0,0.0,0.0,"9, 10, 11, 5, 8, 10",
35.0,2022-06-20,M,3.0,,Cc,8.0,Orange,3.0,2.0,9.0,0.0,0.0,1.0,1.0,2.0,"['Ore', 'Ore', 'Lumber']",0.0,75.0,0.0,23:00:00,0.0,0.0,0.0,0.0,0.0,0.0,0.0,0.0,0.0,1.0,1.0,0.0,0.0,0.0,"10, 8, 5, 11, 12, 6",
36.0,2022-06-21,A,3.0,,A,10.0,White,4.0,0.0,7.0,4.0,0.0,1.0,0.0,1.0,"['Wool', 'Lumber', 'Brick']",1.0,60.0,0.0,12:30:00,0.0,1.0,0.0,0.0,0.0,0.0,0.0,0.0,0.0,0.0,0.0,1.0,0.0,0.0,"3, 6, 9, 3, 4, 8",
36.0,2022-06-21,E,2.0,,A,7.0,Red,3.0,1.0,6.0,1.0,1.0,0.0,0.0,2.0,"['Ore', 'Wool']",0.0,60.0,0.0,12:30:00,0.0,0.0,0.0,0.0,0.0,0.0,0.0,1.0,0.0,0.0,2.0,0.0,0.0,0.0,"5, 8, 10, 9, 2",
36.0,2022-06-21,M,1.0,,A,6.0,Orange,2.0,2.0,4.0,0.0,0.0,0.0,0.0,2.0,"['Grain', 'Lumber', 'Wool']",0.0,60.0,0.0,12:30:00,0.0,0.0,0.0,0.0,0.0,0.0,0.0,0.0,0.0,0.0,1.0,0.0,1.0,0.0,"4, 5, 8, 6, 11, 12",
36.0,2022-06-21,Cc,4.0,,A,8.0,Blue,2.0,2.0,8.0,1.0,0.0,0.0,1.0,1.0,"['Lumber', 'Lumber', 'Brick']",0.0,60.0,0.0,12:30:00,1.0,0.0,0.0,0.0,0.0,0.0,0.0,0.0,0.0,1.0,0.0,0.0,0.0,0.0,"9, 11, 10, 9, 6, 5",
37.0,2022-06-22,A,3.0,,M,9.0,White,1.0,3.0,5.0,6.0,0.0,0.0,0.0,1.0,"['Wool', 'Lumber', 'Ore']",1.0,70.0,0.0,21:50:00,0.0,1.0,0.0,0.0,0.0,0.0,0.0,0.0,0.0,0.0,0.0,0.0,1.0,0.0,"3, 5, 8, 6, 12, 9",
37.0,2022-06-22,E,1.0,,M,7.0,Red,0.0,5.0,8.0,3.0,1.0,0.0,0.0,1.0,"['Brick', 'Wool', 'Lumber']",0.0,70.0,0.0,21:50:00,1.0,0.0,0.0,0.0,0.0,0.0,0.0,0.0,0.0,0.0,1.0,0.0,0.0,0.0,"3, 4, 8, 4, 9, 11",
37.0,2022-06-22,Cc,4.0,,M,8.0,Blue,3.0,1.0,6.0,1.0,0.0,0.0,0.0,1.0,"['Grain', 'Brick', 'Ore']",0.0,70.0,0.0,21:50:00,0.0,0.0,1.0,0.0,0.0,0.0,0.0,0.0,1.0,0.0,0.0,0.0,0.0,0.0,"8, 10, 3, 9, 10",
37.0,2022-06-22,M,2.0,,M,10.0,Orange,5.0,0.0,8.0,0.0,0.0,1.0,1.0,3.0,"['Lumber', 'Lumber', 'Ore']",0.0,70.0,0.0,21:50:00,0.0,0.0,0.0,0.0,0.0,0.0,0.0,0.0,0.0,0.0,2.0,0.0,0.0,1.0,"6, 5, 10, 2, 4, 6",
38.0,2022-06-22,Cc,1.0,,B,8.0,Blue,4.0,0.0,4.0,4.0,0.0,0.0,0.0,0.0,"['Grain', 'Grain']",0.0,80.0,1.0,23:40:00,0.0,0.0,0.0,0.0,0.0,0.0,0.0,0.0,0.0,0.0,0.0,0.0,0.0,0.0,"10, 6, 3, 8, 11",
38.0,2022-06-22,E,2.0,,B,8.0,Brown,2.0,4.0,11.0,0.0,0.0,1.0,1.0,3.0,"['Ore', 'Brick', 'Lumber']",1.0,80.0,1.0,23:40:00,0.0,0.0,0.0,0.0,0.0,0.0,0.0,0.0,0.0,1.0,1.0,0.0,0.0,1.0,"5, 8, 9, 6, 4, 12",
38.0,2022-06-22,M,3.0,,B,8.0,Orange,3.0,2.0,8.0,0.0,0.0,0.0,0.0,2.0,"['Brick', 'Lumber', 'Lumber']",0.0,80.0,1.0,23:40:00,0.0,0.0,0.0,0.0,0.0,0.0,0.0,0.0,0.0,0.0,1.0,0.0,1.0,0.0,"3, 4, 6, 10, 11, 9",
38.0,2022-06-22,B,4.0,,B,10.0,Red,1.0,4.0,11.0,3.0,0.0,0.0,0.0,0.0,"['Ore', 'Ore', 'Grain']",0.0,80.0,1.0,23:40:00,1.0,1.0,0.0,0.0,0.0,0.0,0.0,0.0,0.0,0.0,0.0,0.0,0.0,0.0,"5, 8, 9, 9, 4, 2",
38.0,2022-06-22,A,5.0,,B,8.0,White,3.0,0.0,3.0,3.0,1.0,0.0,0.0,1.0,"['Wool', 'Wool', 'Wool']",0.0,80.0,1.0,23:40:00,0.0,0.0,0.0,0.0,0.0,1.0,0.0,0.0,0.0,0.0,0.0,0.0,0.0,1.0,"3, 8, 5, 10, 11",
39.0,2022-06-23,A,2.0,,M,8.0,White,1.0,3.0,5.0,5.0,0.0,0.0,0.0,1.0,"['Ore', 'Brick', 'Wool']",0.0,50.0,0.0,21:50:00,0.0,1.0,0.0,0.0,0.0,0.0,0.0,0.0,0.0,0.0,0.0,1.0,0.0,0.0,"4, 8, 10, 6, 5, 11",Outer Circle
39.0,2022-06-23,E,4.0,,M,8.0,Brown,2.0,3.0,6.0,1.0,1.0,0.0,0.0,2.0,"['Lumber', 'Ore', 'Grain']",0.0,50.0,0.0,21:50:00,0.0,0.0,0.0,0.0,0.0,0.0,0.0,0.0,1.0,0.0,1.0,0.0,0.0,0.0,"4, 11, 9, 9, 5, 10",Outer Circle
39.0,2022-06-23,M,1.0,,M,10.0,Orange,3.0,2.0,9.0,0.0,0.0,0.0,1.0,1.0,"['Brick', 'Grain', 'Lumber']",0.0,50.0,0.0,21:50:00,1.0,0.0,0.0,0.0,0.0,0.0,0.0,0.0,0.0,0.0,1.0,0.0,0.0,0.0,"11, 10, 9, 10, 2, 5",Outer Circle
39.0,2022-06-23,Cc,3.0,,M,7.0,Blue,1.0,3.0,5.0,2.0,0.0,1.0,0.0,2.0,"['Ore', 'Ore', 'Lumber']",1.0,50.0,0.0,21:50:00,0.0,0.0,0.0,0.0,0.0,0.0,0.0,0.0,0.0,1.0,0.0,0.0,0.0,1.0,"3, 8, 10, 3, 4, 9",Outer Circle
40.0,2022-06-24,E,1.0,,Cc,8.0,Brown,2.0,4.0,6.0,0.0,0.0,0.0,0.0,2.0,"['Lumber', 'Grain', 'Wool']",0.0,55.0,1.0,22:35:00,0.0,0.0,0.0,0.0,0.0,0.0,0.0,0.0,0.0,1.0,0.0,0.0,1.0,0.0,"5, 8, 9, 3, 6, 9",
40.0,2022-06-24,B,2.0,,Cc,7.0,Blue,1.0,3.0,7.0,5.0,1.0,0.0,1.0,1.0,"['Ore', 'Wool', 'Grain']",0.0,55.0,1.0,22:35:00,0.0,1.0,0.0,0.0,0.0,0.0,0.0,0.0,0.0,0.0,0.0,0.0,0.0,1.0,"5, 6, 10, 3, 5, 10",
40.0,2022-06-24,M,3.0,,Cc,7.0,Orange,2.0,3.0,8.0,0.0,0.0,0.0,0.0,1.0,"['Wool', 'Lumber', 'Lumber']",0.0,55.0,1.0,22:35:00,0.0,0.0,0.0,0.0,0.0,0.0,0.0,0.0,0.0,0.0,0.0,1.0,0.0,0.0,"4, 8, 11, 2, 11, 10",
40.0,2022-06-24,Cc,4.0,,Cc,10.0,Blue,3.0,2.0,9.0,2.0,0.0,0.0,0.0,2.0,"['Lumber', 'Lumber', 'Grain']",0.0,55.0,1.0,22:35:00,1.0,0.0,0.0,0.0,0.0,0.0,0.0,0.0,0.0,0.0,2.0,0.0,0.0,0.0,"4, 8, 9, 4, 6, 12",
40.0,2022-06-24,A,5.0,,Cc,7.0,White,2.0,1.0,4.0,2.0,0.0,1.0,0.0,2.0,"['Ore', 'Wool']",1.0,55.0,1.0,22:35:00,0.0,0.0,1.0,0.0,0.0,0.0,0.0,0.0,1.0,0.0,0.0,0.0,0.0,1.0,"8, 10, 6, 9",
41.0,2022-06-25,M,1.0,,A,5.0,Orange,1.0,3.0,9.0,1.0,0.0,0.0,0.0,1.0,"['Lumber', 'Grain', 'Brick']",0.0,60.0,1.0,00:00:00,0.0,0.0,0.0,0.0,0.0,0.0,0.0,0.0,0.0,0.0,1.0,0.0,0.0,0.0,"4, 11, 10, 3, 11, 12",
41.0,2022-06-25,Cc,2.0,,A,8.0,Red,3.0,1.0,5.0,3.0,1.0,1.0,0.0,2.0,"['Wool', 'Grain']",0.0,60.0,1.0,00:00:00,0.0,1.0,0.0,1.0,0.0,0.0,0.0,0.0,0.0,1.0,0.0,0.0,1.0,0.0,"8, 9, 10, 9, 8",
41.0,2022-06-25,A,3.0,,A,10.0,White,2.0,4.0,8.0,5.0,0.0,0.0,0.0,2.0,"['Lumber', 'Lumber', 'Ore']",1.0,60.0,1.0,00:00:00,0.0,0.0,0.0,0.0,0.0,0.0,0.0,0.0,0.0,0.0,1.0,0.0,0.0,1.0,"6, 9, 10, 3, 6, 12",
41.0,2022-06-25,E,4.0,,A,8.0,Brown,1.0,5.0,12.0,4.0,0.0,0.0,1.0,3.0,"['Lumber', 'Brick', 'Ore']",0.0,60.0,1.0,00:00:00,0.0,0.0,0.0,0.0,0.0,0.0,0.0,0.0,1.0,0.0,2.0,0.0,0.0,0.0,"5, 8, 11, 5, 10, 11",
41.0,2022-06-25,B,5.0,,A,7.0,Blue,0.0,5.0,11.0,3.0,0.0,0.0,0.0,2.0,"['Lumber', 'Brick', 'Wool']",0.0,60.0,1.0,00:00:00,1.0,0.0,0.0,0.0,0.0,0.0,1.0,0.0,0.0,0.0,0.0,1.0,0.0,1.0,"4, 6, 5, 6, 8",
42.0,2022-06-26,Cc,1.0,,E,5.0,Blue,0.0,5.0,6.0,1.0,0.0,0.0,1.0,1.0,"['Grain', 'Grain', 'Wool']",0.0,90.0,1.0,01:10:00,0.0,0.0,0.0,0.0,0.0,0.0,0.0,0.0,0.0,0.0,1.0,0.0,0.0,0.0,"4, 8, 9, 2, 9, 10",
42.0,2022-06-26,Ak,2.0,,E,3.0,White,0.0,3.0,6.0,0.0,0.0,0.0,0.0,1.0,"['Lumber', 'Brick']",0.0,90.0,1.0,01:10:00,0.0,0.0,0.0,0.0,0.0,0.0,0.0,0.0,0.0,0.0,1.0,0.0,0.0,0.0,"3, 6, 9, 6, 10",
42.0,2022-06-26,V,3.0,,E,6.0,Red,2.0,2.0,8.0,2.0,0.0,0.0,0.0,2.0,"['Brick', 'Brick', 'Ore']",0.0,90.0,1.0,01:10:00,0.0,0.0,0.0,0.0,0.0,0.0,0.0,0.0,0.0,1.0,0.0,0.0,1.0,0.0,"5, 10, 6, 10, 11, 2",
42.0,2022-06-26,B,4.0,,E,7.0,Green,3.0,0.0,6.0,6.0,0.0,1.0,0.0,0.0,"['Ore', 'Ore', 'Brick']",0.0,90.0,1.0,01:10:00,0.0,0.0,0.0,0.0,0.0,0.0,0.0,0.0,0.0,0.0,0.0,0.0,0.0,0.0,"5, 6, 9, 3, 9, 6",
42.0,2022-06-26,E,5.0,,E,10.0,Brown,4.0,0.0,5.0,3.0,0.0,0.0,0.0,1.0,"['Grain', 'Grain', 'Ore']",0.0,90.0,1.0,01:10:00,1.0,0.0,0.0,0.0,0.0,0.0,0.0,0.0,1.0,0.0,0.0,0.0,0.0,0.0,"4, 8, 12, 5, 4, 9",
42.0,2022-06-26,A,6.0,,E,8.0,Orange,0.0,4.0,6.0,6.0,1.0,0.0,0.0,1.0,"['Lumber', 'Lumber', 'Ore']",1.0,90.0,1.0,01:10:00,0.0,1.0,0.0,0.0,0.0,0.0,0.0,0.0,0.0,0.0,0.0,1.0,0.0,0.0,"4, 8, 10, 3, 5, 9",
43.0,2022-09-01,Cc,4.0,,Cc,10.0,Red,2.0,3.0,12.0,7.0,1.0,1.0,0.0,1.0,"['Wool', 'Grain', 'Grain']",1.0,75.0,0.0,21:45:00,0.0,1.0,0.0,0.0,0.0,0.0,0.0,0.0,0.0,0.0,1.0,0.0,0.0,0.0,"3, 4, 6, 6, 10, 11",Outer Circle
43.0,2022-09-01,E,3.0,,Cc,8.0,Orange,4.0,0.0,5.0,3.0,0.0,0.0,0.0,2.0,"['Grain', 'Grain', 'Brick']",0.0,75.0,0.0,21:45:00,0.0,0.0,0.0,0.0,0.0,0.0,0.0,0.0,1.0,0.0,0.0,1.0,0.0,0.0,"5, 10, 8, 5, 11, 6",Outer Circle
43.0,2022-09-01,A,1.0,,Cc,9.0,White,4.0,1.0,6.0,2.0,0.0,0.0,1.0,1.0,"['Wool', 'Lumber', 'Brick']",0.0,75.0,0.0,21:45:00,0.0,0.0,0.0,0.0,0.0,0.0,0.0,0.0,0.0,0.0,0.0,0.0,0.0,1.0,"5, 8, 4, 3, 6, 11",Outer Circle
43.0,2022-09-01,B,2.0,,Cc,9.0,Blue,3.0,1.0,12.0,1.0,0.0,0.0,0.0,0.0,"['Brick', 'Lumber', 'Wool']",0.0,75.0,0.0,21:45:00,1.0,0.0,0.0,0.0,0.0,0.0,0.0,0.0,0.0,0.0,0.0,0.0,0.0,0.0,"5, 6, 10, 8, 4, 3",Outer Circle
44.0,2022-09-02,A,3.0,,A,10.0,White,3.0,3.0,8.0,5.0,0.0,1.0,0.0,2.0,"['Grain', 'Grain', 'Lumber']",1.0,45.0,0.0,21:15:00,0.0,0.0,0.0,0.0,0.0,0.0,0.0,0.0,0.0,1.0,1.0,0.0,0.0,0.0,"3, 6, 9, 5, 10, 9",Outer Circle
44.0,2022-09-02,Cc,1.0,,A,9.0,Red,1.0,4.0,10.0,1.0,1.0,0.0,1.0,2.0,"['Brick', 'Lumber', 'Wool']",0.0,45.0,0.0,21:15:00,1.0,0.0,0.0,0.0,0.0,0.0,0.0,0.0,1.0,0.0,0.0,1.0,0.0,0.0,"5, 8, 10, 9, 10, 11",Outer Circle
44.0,2022-09-02,B,2.0,,A,7.0,Blue,1.0,3.0,6.0,4.0,0.0,0.0,0.0,0.0,"['Grain', 'Wool', 'Brick']",0.0,45.0,0.0,21:15:00,0.0,1.0,0.0,0.0,0.0,0.0,0.0,0.0,0.0,0.0,0.0,0.0,0.0,0.0,"4, 5, 8, 5, 6, 11",Outer Circle
45.0,2022-09-03,B,5.0,,V,8.0,Red,2.0,2.0,13.0,3.0,1.0,1.0,0.0,1.0,"['Ore', 'Brick', 'Lumber']",0.0,90.0,1.0,01:20:00,1.0,0.0,0.0,0.0,0.0,0.0,0.0,0.0,0.0,1.0,0.0,0.0,0.0,0.0,"2, 5, 6, 5, 10, 11",
45.0,2022-09-03,E,4.0,,V,6.0,Brown,1.0,4.0,10.0,2.0,0.0,0.0,1.0,1.0,"['Lumber', 'Lumber', 'Brick']",0.0,90.0,1.0,01:20:00,0.0,0.0,0.0,0.0,0.0,0.0,0.0,0.0,0.0,0.0,1.0,0.0,0.0,0.0,"8, 9, 10, 4, 5, 11",
45.0,2022-09-03,A,3.0,,V,6.0,Blue,3.0,0.0,3.0,3.0,0.0,0.0,0.0,1.0,"['Lumber', 'Wool']",0.0,90.0,1.0,01:20:00,0.0,0.0,0.0,1.0,0.0,0.0,0.0,0.0,0.0,0.0,0.0,0.0,1.0,0.0,"4, 6, 11, 2, 8",
45.0,2022-09-03,Cc,2.0,,V,7.0,Green,3.0,1.0,8.0,2.0,0.0,0.0,0.0,1.0,"['Wool', 'Brick', 'Grain']",1.0,90.0,1.0,01:20:00,0.0,0.0,0.0,0.0,0.0,0.0,0.0,0.0,0.0,0.0,0.0,0.0,0.0,1.0,"6, 9, 10, 8, 5, 3",
45.0,2022-09-03,V,1.0,,V,10.0,White,4.0,1.0,6.0,2.0,0.0,0.0,0.0,1.0,"['Brick', 'Ore', 'Wool']",0.0,90.0,1.0,01:20:00,0.0,0.0,0.0,0.0,0.0,0.0,0.0,0.0,0.0,0.0,0.0,1.0,0.0,0.0,"8, 9, 10, 3, 6, 12",
45.0,2022-09-03,M,6.0,,V,9.0,Orange,4.0,1.0,5.0,0.0,0.0,0.0,0.0,1.0,"['Grain', 'Brick', 'Ore']",0.0,90.0,1.0,01:20:00,0.0,0.0,0.0,0.0,0.0,0.0,0.0,0.0,0.0,0.0,1.0,0.0,0.0,0.0,"4, 10, 11, 3, 6, 12",
46.0,2022-09-03,A,1.0,,Cc,6.0,White,3.0,0.0,5.0,3.0,0.0,0.0,0.0,1.0,"['Grain', 'Grain', 'Wool']",0.0,50.0,0.0,15:00:00,0.0,0.0,0.0,0.0,0.0,0.0,0.0,0.0,1.0,0.0,0.0,0.0,0.0,0.0,"4, 6, 11, 3, 4, 5",Middle
46.0,2022-09-03,B,2.0,,Cc,6.0,Orange,2.0,1.0,4.0,6.0,1.0,0.0,0.0,2.0,['Lumber'],0.0,50.0,0.0,15:00:00,0.0,0.0,0.0,0.0,0.0,0.0,0.0,1.0,0.0,0.0,1.0,1.0,0.0,0.0,"5, 8, 10, 5",Middle
46.0,2022-09-03,E,3.0,,Cc,6.0,Red,1.0,4.0,11.0,0.0,0.0,0.0,0.0,3.0,"['Ore', 'Wool']",0.0,50.0,0.0,15:00:00,0.0,0.0,0.0,0.0,0.0,0.0,0.0,0.0,0.0,1.0,1.0,0.0,1.0,0.0,"5, 9, 10, 4, 8",Middle
46.0,2022-09-03,Cc,4.0,,Cc,10.0,Blue,3.0,2.0,13.0,0.0,0.0,1.0,1.0,2.0,"['Brick', 'Brick', 'Ore']",1.0,50.0,0.0,15:00:00,1.0,0.0,0.0,0.0,0.0,0.0,0.0,0.0,0.0,0.0,2.0,0.0,0.0,0.0,"8, 10, 11, 3, 9, 10",Middle
47.0,2022-09-06,A,1.0,,E,9.0,White,4.0,1.0,7.0,0.0,0.0,0.0,0.0,0.0,"['Wool', 'Brick', 'Ore']",1.0,80.0,1.0,22:00:00,0.0,0.0,0.0,0.0,0.0,0.0,0.0,0.0,0.0,0.0,0.0,0.0,0.0,0.0,"8, 9, 10, 4, 10, 11",
47.0,2022-09-06,I,2.0,,E,4.0,Red,2.0,0.0,11.0,1.0,0.0,0.0,0.0,0.0,"['Wool', 'Grain', 'Ore']",0.0,80.0,1.0,22:00:00,0.0,0.0,0.0,0.0,0.0,0.0,0.0,0.0,0.0,0.0,0.0,0.0,0.0,0.0,"6, 6, 12, 3, 5, 10",
47.0,2022-09-06,Cc,3.0,,E,5.0,Green,0.0,5.0,11.0,0.0,0.0,0.0,1.0,3.0,"['Lumber', 'Lumber', 'Lumber']",0.0,80.0,1.0,22:00:00,0.0,0.0,0.0,0.0,0.0,0.0,0.0,0.0,0.0,0.0,2.0,0.0,0.0,1.0,"6, 10, 9, 4, 6, 11",
47.0,2022-09-06,M,4.0,,E,7.0,Orange,3.0,1.0,5.0,0.0,0.0,0.0,0.0,0.0,"['Wool', 'Lumber', 'Brick']",0.0,80.0,1.0,22:00:00,0.0,0.0,0.0,0.0,0.0,0.0,0.0,0.0,0.0,0.0,0.0,0.0,0.0,0.0,"11, 4, 5, 5, 3, 9",
47.0,2022-09-06,B,5.0,,E,8.0,Blue,3.0,2.0,7.0,2.0,1.0,1.0,0.0,1.0,"['Ore', 'Ore', 'Lumber']",0.0,80.0,1.0,22:00:00,0.0,0.0,0.0,0.0,0.0,0.0,0.0,0.0,0.0,1.0,0.0,0.0,0.0,0.0,"5, 8, 9, 10, 3, 12",
47.0,2022-09-06,E,6.0,,E,10.0,Brown,2.0,4.0,13.0,0.0,0.0,0.0,0.0,2.0,"['Lumber', 'Brick', 'Ore']",0.0,80.0,1.0,22:00:00,1.0,0.0,0.0,0.0,0.0,0.0,0.0,0.0,0.0,0.0,1.0,0.0,1.0,0.0,"4, 8, 9, 5, 10, 11",
48.0,2022-09-07,A,1.0,,M,9.0,White,3.0,1.0,9.0,0.0,0.0,0.0,0.0,1.0,"['Wool', 'Wool', 'Brick']",1.0,90.0,1.0,00:10:00,1.0,0.0,0.0,0.0,0.0,0.0,0.0,0.0,0.0,0.0,0.0,0.0,0.0,1.0,"8, 10, 11, 4, 6, 9",
48.0,2022-09-07,I,2.0,,M,3.0,Red,0.0,3.0,6.0,1.0,0.0,0.0,0.0,0.0,"['Wool', 'Wool', 'Brick']",0.0,90.0,1.0,00:10:00,0.0,0.0,0.0,0.0,0.0,0.0,0.0,0.0,0.0,0.0,0.0,0.0,0.0,0.0,"8, 9, 12, 3, 10, 12",
48.0,2022-09-07,Cc,3.0,,M,6.0,Green,2.0,2.0,4.0,2.0,0.0,0.0,1.0,1.0,"['Lumber', 'Brick', 'Grain']",0.0,90.0,1.0,00:10:00,0.0,0.0,0.0,0.0,0.0,0.0,0.0,0.0,0.0,0.0,1.0,0.0,0.0,0.0,"8, 5, 10, 8, 9, 12",
48.0,2022-09-07,M,4.0,,M,10.0,Orange,3.0,4.0,10.0,1.0,0.0,0.0,0.0,3.0,"['Lumber', 'Wool', 'Ore']",0.0,90.0,1.0,00:10:00,0.0,0.0,0.0,0.0,0.0,0.0,0.0,0.0,1.0,0.0,1.0,0.0,1.0,0.0,"4, 5, 8, 3, 10, 11",
48.0,2022-09-07,B,5.0,,M,9.0,Blue,3.0,0.0,3.0,7.0,1.0,0.0,0.0,0.0,"['Lumber', 'Grain', 'Wool']",0.0,90.0,1.0,00:10:00,0.0,1.0,0.0,0.0,0.0,0.0,0.0,0.0,0.0,0.0,0.0,0.0,0.0,0.0,"2, 5, 10, 5, 6, 9",
48.0,2022-09-07,E,6.0,,M,9.0,Brown,4.0,1.0,6.0,1.0,0.0,1.0,0.0,1.0,"['Lumber', 'Brick', 'Grain']",0.0,90.0,1.0,00:10:00,0.0,0.0,0.0,0.0,0.0,0.0,0.0,0.0,0.0,0.0,0.0,1.0,0.0,0.0,"4, 6, 11, 5, 10, 11",
49.0,2022-09-07,Cc,1.0,,E,6.0,White,2.0,2.0,10.0,0.0,0.0,0.0,0.0,2.0,"['Grain', 'Brick']",1.0,50.0,0.0,23:30:00,0.0,0.0,0.0,0.0,0.0,0.0,1.0,0.0,0.0,0.0,1.0,1.0,0.0,0.0,"6, 9, 10, 6, 2",Middle
49.0,2022-09-07,E,2.0,,E,10.0,Blue,2.0,3.0,9.0,1.0,1.0,0.0,0.0,1.0,"['Lumber', 'Brick', 'Ore']",0.0,50.0,0.0,23:30:00,1.0,0.0,0.0,0.0,0.0,0.0,0.0,0.0,0.0,0.0,0.0,0.0,1.0,0.0,"5, 6, 11, 3, 8, 10",Middle
49.0,2022-09-07,B,3.0,,E,4.0,Red,1.0,2.0,6.0,0.0,0.0,1.0,0.0,1.0,"['Ore', 'Grain']",0.0,50.0,0.0,23:30:00,0.0,0.0,0.0,0.0,0.0,0.0,0.0,0.0,0.0,0.0,1.0,0.0,0.0,0.0,"5, 9, 10, 6, 12",Middle
49.0,2022-09-07,A,4.0,,E,6.0,Orange,1.0,4.0,6.0,0.0,0.0,0.0,1.0,0.0,"['Lumber', 'Wool', 'Grain']",0.0,50.0,0.0,23:30:00,0.0,0.0,0.0,0.0,0.0,0.0,0.0,0.0,0.0,0.0,0.0,0.0,0.0,0.0,"5, 8, 10, 3, 4, 6",Middle
50.0,2022-09-09,E,1.0,,B,6.0,Brown,1.0,4.0,6.0,0.0,0.0,0.0,0.0,1.0,"['Wool', 'Wool', 'Lumber']",0.0,60.0,1.0,23:10:00,0.0,0.0,0.0,0.0,0.0,0.0,0.0,0.0,0.0,0.0,0.0,0.0,1.0,0.0,"5, 8, 10, 9, 6, 12",
50.0,2022-09-09,B,2.0,,B,10.0,Blue,2.0,4.0,10.0,1.0,1.0,0.0,1.0,1.0,"['Grain', 'Brick']",0.0,60.0,1.0,23:10:00,1.0,0.0,0.0,0.0,0.0,0.0,0.0,0.0,0.0,0.0,0.0,1.0,0.0,0.0,"5, 6, 9, 8, 9",
50.0,2022-09-09,A,3.0,,B,4.0,White,1.0,2.0,7.0,1.0,0.0,0.0,0.0,1.0,"['Brick', 'Wool', 'Ore']",0.0,60.0,1.0,23:10:00,0.0,0.0,0.0,0.0,0.0,0.0,0.0,0.0,1.0,0.0,0.0,0.0,0.0,0.0,"4, 8, 9, 4, 5, 10",
50.0,2022-09-09,M,4.0,,B,7.0,Orange,3.0,1.0,7.0,0.0,0.0,0.0,0.0,0.0,"['Brick', 'Wool', 'Ore']",0.0,60.0,1.0,23:10:00,0.0,0.0,0.0,0.0,0.0,0.0,0.0,0.0,0.0,0.0,0.0,0.0,0.0,0.0,"4, 5, 11, 6, 9, 2",
50.0,2022-09-09,I,5.0,,B,6.0,Red,1.0,4.0,6.0,0.0,0.0,1.0,0.0,2.0,"['Grain', 'Grain', 'Lumber']",0.0,60.0,1.0,23:10:00,0.0,0.0,0.0,0.0,0.0,0.0,0.0,0.0,0.0,0.0,2.0,0.0,0.0,0.0,"2, 8, 10, 9, 10, 12",
50.0,2022-09-09,Cc,6.0,,B,7.0,Green,2.0,3.0,7.0,0.0,0.0,0.0,0.0,2.0,"['Wool', 'Grain', 'Ore']",1.0,60.0,1.0,23:10:00,0.0,0.0,0.0,0.0,0.0,0.0,0.0,0.0,0.0,0.0,0.0,0.0,0.0,2.0,"5, 8, 9, 4, 6, 11",
51.0,2022-09-10,B,1.0,,A,4.0,Red,1.0,2.0,5.0,2.0,1.0,0.0,0.0,0.0,"['Brick', 'Lumber', 'Wool']",0.0,30.0,0.0,22:10:00,0.0,0.0,0.0,0.0,0.0,0.0,0.0,0.0,0.0,0.0,0.0,0.0,0.0,0.0,"5, 6, 9, 2, 6, 9",Outer Circle
51.0,2022-09-10,A,2.0,,A,10.0,White,2.0,3.0,7.0,3.0,0.0,0.0,1.0,1.0,"['Lumber', 'Lumber', 'Brick']",1.0,30.0,0.0,22:10:00,1.0,0.0,0.0,0.0,0.0,0.0,0.0,0.0,1.0,0.0,0.0,0.0,0.0,0.0,"4, 5, 8, 3, 4, 8",Outer Circle
51.0,2022-09-10,E,3.0,,A,5.0,Orange,1.0,3.0,6.0,1.0,0.0,1.0,0.0,1.0,"['Wool', 'Ore', 'Brick']",0.0,30.0,0.0,22:10:00,0.0,0.0,0.0,0.0,0.0,0.0,0.0,0.0,0.0,1.0,0.0,0.0,0.0,0.0,"5, 8, 10, 4, 9, 11",Outer Circle
52.0,2022-10-10,V,6.0,,B,7.0,Red,1.0,3.0,5.0,7.0,0.0,0.0,0.0,1.0,"['Lumber', 'Lumber', 'Ore']",0.0,105.0,1.0,22:40:00,0.0,1.0,0.0,0.0,0.0,0.0,1.0,0.0,0.0,0.0,0.0,1.0,0.0,0.0,"4, 8, 5, 10, 11",
52.0,2022-10-10,F,5.0,,B,9.0,Orange,2.0,2.0,13.0,5.0,1.0,0.0,0.0,1.0,"['Grain', 'Lumber', 'Brick']",0.0,105.0,1.0,22:40:00,1.0,0.0,0.0,0.0,0.0,0.0,0.0,0.0,0.0,0.0,1.0,0.0,0.0,0.0,"4, 6, 12, 2, 4, 6",
52.0,2022-10-10,A,4.0,,B,8.0,White,2.0,3.0,14.0,1.0,0.0,0.0,1.0,2.0,"['Lumber', 'Brick']",0.0,105.0,1.0,22:40:00,0.0,0.0,0.0,0.0,0.0,0.0,0.0,0.0,1.0,1.0,0.0,0.0,0.0,0.0,"4, 6, 9, 8, 10",
52.0,2022-10-10,Cc,3.0,,B,5.0,Blue,2.0,1.0,6.0,0.0,0.0,0.0,0.0,0.0,"['Grain', 'Grain', 'Brick']",0.0,105.0,1.0,22:40:00,0.0,0.0,0.0,0.0,0.0,0.0,0.0,0.0,0.0,0.0,0.0,0.0,0.0,0.0,"8, 9, 5, 9, 12",
52.0,2022-10-10,E,2.0,,B,8.0,Brown,4.0,0.0,7.0,1.0,0.0,1.0,0.0,0.0,"['Brick', 'Wool', 'Ore']",1.0,105.0,1.0,22:40:00,0.0,0.0,0.0,0.0,0.0,0.0,0.0,0.0,0.0,0.0,0.0,0.0,0.0,0.0,"5, 10, 11, 3, 9, 10",
52.0,2022-10-10,B,1.0,,B,10.0,Green,4.0,0.0,5.0,3.0,0.0,0.0,0.0,2.0,"['Ore', 'Lumber']",0.0,105.0,1.0,22:40:00,0.0,0.0,0.0,0.0,0.0,0.0,0.0,0.0,0.0,0.0,0.0,0.0,1.0,1.0,"5, 8, 9, 8, 11",
53.0,2022-10-12,E,1.0,,B,9.0,Orange,4.0,1.0,7.0,1.0,0.0,0.0,0.0,2.0,"['Grain', 'Lumber']",1.0,50.0,0.0,13:40:00,0.0,0.0,0.0,0.0,0.0,0.0,0.0,0.0,0.0,1.0,1.0,0.0,0.0,0.0,"3, 4, 6, 8, 4",Middle
53.0,2022-10-12,B,2.0,,B,10.0,Blue,1.0,5.0,9.0,5.0,0.0,0.0,1.0,2.0,"['Lumber', 'Grain', 'Wool']",0.0,50.0,0.0,13:40:00,0.0,1.0,0.0,0.0,0.0,0.0,0.0,0.0,1.0,0.0,0.0,0.0,0.0,1.0,"6, 9, 10, 2, 5, 9",Middle
53.0,2022-10-12,Cc,3.0,,B,8.0,Red,0.0,5.0,11.0,2.0,1.0,0.0,0.0,1.0,"['Brick', 'Wool', 'Wool']",0.0,50.0,0.0,13:40:00,1.0,0.0,0.0,0.0,0.0,0.0,0.0,0.0,0.0,0.0,0.0,1.0,0.0,0.0,"3, 8, 10, 5, 6, 11",Middle
53.0,2022-10-12,A,4.0,,B,8.0,White,4.0,0.0,6.0,0.0,0.0,1.0,0.0,2.0,"['Brick', 'Brick', 'Wool']",0.0,50.0,0.0,13:40:00,0.0,0.0,0.0,0.0,0.0,0.0,0.0,0.0,0.0,0.0,2.0,0.0,0.0,0.0,"5, 8, 10, 4, 9, 11",Middle
54.0,2022-11-12,V,1.0,,B,9.0,Blue,3.0,1.0,5.0,5.0,0.0,1.0,0.0,2.0,"['Ore', 'Wool', 'Wool']",0.0,80.0,0.0,13:25:00,0.0,0.0,0.0,0.0,0.0,0.0,1.0,0.0,0.0,0.0,0.0,1.0,1.0,0.0,"5, 10, 6, 11, 4",Middle
54.0,2022-11-12,E,2.0,,B,9.0,Orange,1.0,4.0,10.0,3.0,1.0,0.0,0.0,3.0,"['Lumber', 'Brick']",0.0,80.0,0.0,13:25:00,1.0,0.0,0.0,0.0,0.0,0.0,0.0,1.0,0.0,0.0,2.0,0.0,0.0,1.0,"5, 6, 11, 3, 8",Middle
54.0,2022-11-12,B,3.0,,B,10.0,Red,4.0,1.0,6.0,2.0,0.0,0.0,0.0,1.0,"['Grain', 'Grain', 'Ore']",0.0,80.0,0.0,13:25:00,0.0,0.0,0.0,0.0,0.0,0.0,0.0,0.0,0.0,0.0,1.0,0.0,0.0,0.0,"5, 9, 10, 4, 9, 11",Middle
54.0,2022-11-12,A,4.0,,B,9.0,White,3.0,1.0,6.0,4.0,0.0,0.0,1.0,0.0,"['Brick', 'Lumber', 'Ore']",1.0,80.0,0.0,13:25:00,0.0,1.0,0.0,0.0,0.0,0.0,0.0,0.0,0.0,0.0,0.0,0.0,0.0,0.0,"3, 8, 10, 3, 4, 19",Middle
55.0,2022-11-13,E,1.0,,B,6.0,Brown,1.0,3.0,4.0,3.0,0.0,0.0,0.0,0.0,"['Lumber', 'Wool', 'Ore']",0.0,75.0,1.0,17:50:00,0.0,0.0,0.0,0.0,0.0,0.0,0.0,0.0,0.0,0.0,0.0,0.0,0.0,0.0,"5, 9, 10, 4, 9, 11",
55.0,2022-11-13,B,2.0,,B,10.0,Green,1.0,4.0,7.0,8.0,1.0,0.0,0.0,0.0,"['Ore', 'Wool', 'Wool']",0.0,75.0,1.0,17:50:00,0.0,1.0,0.0,0.0,0.0,0.0,0.0,0.0,0.0,0.0,0.0,0.0,0.0,0.0,"5, 6, 9, 8, 10, 2",
55.0,2022-11-13,V,3.0,,B,7.0,Blue,2.0,2.0,4.0,2.0,0.0,1.0,0.0,2.0,"['Ore', 'Grain', 'Grain']",0.0,75.0,1.0,17:50:00,0.0,0.0,0.0,0.0,0.0,1.0,0.0,0.0,0.0,1.0,0.0,0.0,0.0,1.0,"4, 8, 6, 11, 12",
55.0,2022-11-13,A,4.0,,B,9.0,White,2.0,3.0,10.0,1.0,0.0,0.0,1.0,1.0,"['Wool', 'Grain', 'Lumber']",1.0,75.0,1.0,17:50:00,1.0,0.0,0.0,0.0,0.0,0.0,0.0,0.0,0.0,0.0,1.0,0.0,0.0,0.0,"5, 6, 9, 4, 5, 8",
55.0,2022-11-13,M,5.0,,B,7.0,Orange,1.0,5.0,8.0,0.0,0.0,0.0,0.0,2.0,"['Lumber', 'Ore', 'Grain']",0.0,75.0,1.0,17:50:00,0.0,0.0,0.0,0.0,0.0,0.0,0.0,0.0,0.0,0.0,1.0,1.0,0.0,0.0,"5, 10, 11, 3, 8, 9",
56.0,2022-11-13,M,1.0,,E,8.0,Orange,3.0,2.0,7.0,0.0,0.0,0.0,0.0,2.0,"['Grain', 'Ore', 'Brick']",0.0,70.0,1.0,22:40:00,0.0,0.0,0.0,0.0,0.0,0.0,0.0,0.0,0.0,1.0,1.0,0.0,0.0,0.0,"5, 6, 9, 4, 11, 11",
56.0,2022-11-13,V,2.0,,E,5.0,Blue,0.0,5.0,9.0,3.0,0.0,0.0,0.0,0.0,"['Grain', 'Lumber']",0.0,70.0,1.0,22:40:00,0.0,0.0,0.0,0.0,0.0,0.0,0.0,0.0,0.0,0.0,0.0,0.0,0.0,0.0,"8, 9, 10, 6, 3",
56.0,2022-11-13,A,3.0,,E,9.0,White,4.0,1.0,5.0,2.0,1.0,0.0,1.0,1.0,"['Lumber', 'Wool']",1.0,70.0,1.0,22:40:00,0.0,0.0,0.0,0.0,0.0,1.0,0.0,0.0,0.0,0.0,0.0,0.0,0.0,1.0,"8, 10, 5, 4, 5",
56.0,2022-11-13,E,4.0,,E,10.0,Brown,3.0,2.0,10.0,0.0,0.0,1.0,0.0,2.0,"['Brick', 'Grain', 'Ore']",0.0,70.0,1.0,22:40:00,1.0,0.0,0.0,0.0,0.0,0.0,0.0,0.0,0.0,0.0,1.0,1.0,0.0,0.0,"4, 5, 8, 2, 6, 9",
56.0,2022-11-13,B,5.0,,E,7.0,Green,3.0,1.0,6.0,0.0,0.0,0.0,0.0,1.0,"['Ore', 'Grain', 'Lumber']",0.0,70.0,1.0,22:40:00,0.0,0.0,0.0,0.0,0.0,0.0,0.0,0.0,1.0,0.0,0.0,0.0,0.0,0.0,"6, 9, 10, 4, 5, 2",
57.0,2022-11-14,B,1.0,,V,5.0,Red,0.0,5.0,8.0,1.0,0.0,0.0,0.0,3.0,"['Brick', 'Wool']",0.0,90.0,0.0,20:45:00,0.0,0.0,0.0,0.0,0.0,0.0,1.0,0.0,0.0,0.0,1.0,1.0,0.0,1.0,"5, 9, 10, 9, 10",
57.0,2022-11-14,V,2.0,,V,10.0,Blue,0.0,5.0,10.0,4.0,1.0,0.0,1.0,2.0,"['Wool', 'Ore', 'Lumber']",0.0,90.0,0.0,20:45:00,1.0,1.0,0.0,0.0,0.0,0.0,0.0,0.0,1.0,0.0,0.0,0.0,1.0,0.0,"5, 6, 10, 3, 4, 6",
57.0,2022-11-14,A,3.0,,V,7.0,White,1.0,5.0,9.0,4.0,0.0,1.0,0.0,1.0,"['Grain', 'Wool', 'Ore']",1.0,90.0,0.0,20:45:00,0.0,0.0,0.0,0.0,0.0,0.0,0.0,0.0,0.0,0.0,1.0,0.0,0.0,0.0,"3, 10, 8, 5, 8, 3",
57.0,2022-11-14,M,4.0,,V,4.0,Orange,1.0,2.0,7.0,0.0,0.0,0.0,0.0,1.0,"['Lumber', 'Brick', 'Wool']",0.0,90.0,0.0,20:45:00,0.0,0.0,0.0,0.0,0.0,0.0,0.0,0.0,0.0,0.0,1.0,0.0,0.0,0.0,"4, 9, 11, 4, 8",
58.0,2022-11-19,E,1.0,,B,7.0,White,3.0,1.0,7.0,0.0,0.0,1.0,1.0,1.0,"['Brick', 'Brick', 'Grain']",1.0,30.0,0.0,21:55:00,0.0,0.0,0.0,0.0,0.0,0.0,0.0,0.0,0.0,0.0,0.0,0.0,0.0,1.0,"5, 8, 10, 5, 9, 10",Middle
58.0,2022-11-19,B,2.0,,B,10.0,Blue,2.0,2.0,7.0,4.0,1.0,0.0,0.0,1.0,"['Wool', 'Grain', 'Grain']",0.0,30.0,0.0,21:55:00,1.0,0.0,0.0,1.0,0.0,0.0,0.0,0.0,0.0,0.0,0.0,0.0,1.0,0.0,"3, 8, 6, 9, 10",Middle
58.0,2022-11-19,M,3.0,,B,4.0,Orange,1.0,2.0,5.0,0.0,0.0,0.0,0.0,0.0,"['Brick', 'Lumber', 'Wool']",0.0,30.0,0.0,21:55:00,0.0,0.0,0.0,0.0,0.0,0.0,0.0,0.0,0.0,0.0,0.0,0.0,0.0,0.0,"3, 8, 10, 4, 9, 11",Middle
59.0,2022-11-19,B,1.0,,B,11.0,Blue,4.0,0.0,4.0,6.0,1.0,1.0,0.0,1.0,"['Brick', 'Ore', 'Wool']",0.0,40.0,0.0,22:30:00,0.0,1.0,0.0,0.0,0.0,0.0,0.0,0.0,0.0,0.0,0.0,0.0,0.0,1.0,"3, 6, 9, 10, 9, 11",Middle
59.0,2022-11-19,M,2.0,,B,4.0,Orange,2.0,2.0,4.0,1.0,0.0,0.0,0.0,0.0,"['Wool', 'Grain', 'Wool']",0.0,40.0,0.0,22:30:00,0.0,0.0,0.0,0.0,0.0,0.0,0.0,0.0,0.0,0.0,0.0,0.0,0.0,0.0,"4, 5, 6, 5, 9, 10",Middle
59.0,2022-11-19,E,3.0,,B,6.0,White,1.0,2.0,5.0,4.0,0.0,0.0,1.0,0.0,"['Brick', 'Brick', 'Lumber']",1.0,40.0,0.0,22:30:00,0.0,0.0,0.0,0.0,0.0,0.0,0.0,0.0,0.0,0.0,0.0,0.0,0.0,0.0,"3, 8, 10, 5, 8, 10",Middle
60.0,2022-11-20,M,1.0,,M,10.0,Orange,4.0,1.0,6.0,1.0,0.0,1.0,0.0,2.0,"['Grain', 'Brick']",0.0,85.0,0.0,01:25:00,0.0,0.0,0.0,0.0,0.0,0.0,0.0,0.0,0.0,0.0,2.0,0.0,0.0,0.0,"5, 8, 10, 3, 6",Outer Circle
60.0,2022-11-20,E,2.0,,M,9.0,White,3.0,2.0,9.0,4.0,0.0,0.0,1.0,1.0,"['Lumber', 'Brick', 'Grain']",1.0,85.0,0.0,01:25:00,0.0,0.0,0.0,0.0,0.0,0.0,0.0,0.0,0.0,0.0,0.0,1.0,0.0,0.0,"5, 8, 10, 3, 6, 11",Outer Circle
60.0,2022-11-20,V,3.0,,M,7.0,Red,0.0,5.0,13.0,0.0,0.0,0.0,0.0,2.0,"['Lumber', 'Ore', 'Brick']",0.0,85.0,0.0,01:25:00,1.0,0.0,0.0,0.0,0.0,1.0,0.0,0.0,0.0,0.0,1.0,0.0,0.0,1.0,"8, 4, 6, 12, 11",Outer Circle
60.0,2022-11-20,B,4.0,,M,8.0,Blue,0.0,5.0,15.0,8.0,1.0,0.0,0.0,2.0,"['Brick', 'Grain', 'Wool']",0.0,85.0,0.0,01:25:00,0.0,1.0,0.0,0.0,0.0,0.0,0.0,0.0,1.0,1.0,0.0,0.0,0.0,0.0,"5, 9, 6, 4, 9, 6",Outer Circle
61.0,2022-11-20,E,1.0,,B,9.0,White,3.0,1.0,5.0,4.0,0.0,0.0,0.0,0.0,"['Brick', 'Ore', 'Lumber']",1.0,45.0,0.0,21:45:00,0.0,1.0,0.0,0.0,0.0,0.0,0.0,0.0,0.0,0.0,0.0,0.0,0.0,0.0,"5, 8, 10, 4, 9, 11",Outer Circle
61.0,2022-11-20,B,2.0,,B,10.0,Blue,1.0,5.0,11.0,4.0,1.0,0.0,1.0,2.0,"['Grain', 'Grain', 'Grain']",0.0,45.0,0.0,21:45:00,1.0,0.0,0.0,0.0,0.0,0.0,0.0,0.0,0.0,1.0,0.0,1.0,0.0,0.0,"5, 6, 9, 3, 4, 8",Outer Circle
61.0,2022-11-20,M,3.0,,B,8.0,Orange,3.0,2.0,8.0,1.0,0.0,1.0,0.0,2.0,"['Lumber', 'Lumber', 'Grain']",0.0,45.0,0.0,21:45:00,0.0,0.0,0.0,0.0,0.0,0.0,0.0,0.0,0.0,0.0,1.0,0.0,1.0,0.0,"4,5, 8, 3, 6, 9",Outer Circle
62.0,2022-11-30,E,1.0,,E,10.0,White,1.0,4.0,11.0,5.0,0.0,0.0,1.0,0.0,"['Lumber', 'Wool', 'Grain']",0.0,60.0,0.0,22:00:00,1.0,1.0,0.0,0.0,0.0,0.0,0.0,0.0,0.0,0.0,0.0,0.0,0.0,0.0,"3, 5, 6, 4, 9, 11",Middle
62.0,2022-11-30,V,2.0,,E,4.0,Blue,1.0,2.0,6.0,0.0,0.0,0.0,0.0,2.0,"['Grain', 'Wool']",0.0,60.0,0.0,22:00:00,0.0,0.0,1.0,0.0,0.0,0.0,1.0,0.0,1.0,0.0,0.0,1.0,0.0,0.0,"2, 6, 5, 2",Middle
62.0,2022-11-30,Cc,3.0,B,E,8.0,Red,3.0,2.0,8.0,2.0,1.0,1.0,0.0,2.0,"['Grain', 'Ore']",1.0,60.0,0.0,22:00:00,0.0,0.0,0.0,1.0,0.0,0.0,0.0,0.0,0.0,0.0,0.0,0.0,1.0,1.0,"6, 8, 10, 4, 11",Middle
62.0,2022-11-30,M,4.0,,E,7.0,Orange,2.0,3.0,6.0,1.0,0.0,0.0,0.0,2.0,"['Brick', 'Lumber', 'Grain']",0.0,60.0,0.0,22:00:00,0.0,0.0,0.0,0.0,0.0,0.0,0.0,0.0,0.0,0.0,2.0,0.0,0.0,0.0,"9, 10, 8, 3, 6, 9",Middle
63.0,2022-12-04,Cc,1.0,,Cc,10.0,White,2.0,2.0,8.0,5.0,0.0,1.0,0.0,1.0,"['Brick', 'Lumber', 'Grain']",0.0,60.0,0.0,17:50:00,1.0,1.0,0.0,0.0,0.0,0.0,0.0,0.0,0.0,0.0,0.0,0.0,1.0,0.0,"5, 9, 10, 12, 6, 11",Outer Circle
63.0,2022-12-04,M,2.0,,Cc,6.0,Orange,3.0,0.0,5.0,0.0,0.0,0.0,0.0,1.0,"['Lumber', 'Wool']",0.0,60.0,0.0,17:50:00,0.0,0.0,0.0,0.0,1.0,0.0,0.0,0.0,0.0,1.0,0.0,0.0,0.0,0.0,"5, 6, 11, 9, 12",Outer Circle
63.0,2022-12-04,Alper,3.0,,Cc,6.0,Red,1.0,3.0,7.0,2.0,0.0,0.0,0.0,1.0,"['Wool', 'Lumber', 'Grain']",0.0,60.0,0.0,17:50:00,0.0,0.0,0.0,0.0,0.0,0.0,0.0,0.0,0.0,0.0,1.0,0.0,0.0,0.0,"9, 10, 11, 4, 8, 10",Outer Circle
63.0,2022-12-04,B,4.0,,Cc,9.0,Blue,3.0,1.0,8.0,6.0,1.0,0.0,1.0,1.0,"['Lumber', 'Lumber', 'Ore']",1.0,60.0,0.0,17:50:00,0.0,0.0,0.0,0.0,0.0,0.0,0.0,0.0,0.0,0.0,1.0,0.0,0.0,0.0,"3, 6, 9, 5, 8, 10",Outer Circle
64.0,2022-12-11,V,1.0,,B,8.0,Orange,2.0,2.0,12.0,3.0,0.0,1.0,0.0,1.0,"['Wool', 'Grain']",0.0,60.0,0.0,17:00:00,1.0,0.0,0.0,0.0,0.0,0.0,0.0,0.0,1.0,0.0,0.0,0.0,0.0,0.0,"5, 8, 10, 3, 6",Outer Circle
64.0,2022-12-11,B,2.0,,B,10.0,Blue,4.0,0.0,6.0,3.0,0.0,0.0,0.0,1.0,"['Ore', 'Grain', 'Grain']",0.0,60.0,0.0,17:00:00,0.0,1.0,0.0,0.0,0.0,0.0,0.0,0.0,0.0,0.0,0.0,0.0,1.0,0.0,"5, 6, 9, 4, 8, 3",Outer Circle
64.0,2022-12-11,E,3.0,,B,6.0,White,1.0,3.0,11.0,2.0,1.0,0.0,1.0,1.0,"['Grain', 'Wool', 'Lumber']",1.0,60.0,0.0,17:00:00,0.0,0.0,0.0,0.0,0.0,0.0,0.0,0.0,0.0,1.0,0.0,0.0,0.0,0.0,"4, 6, 9, 5, 8, 10",Outer Circle
65.0,2022-12-11,B,1.0,,E,6.0,Blue,3.0,0.0,3.0,1.0,1.0,1.0,0.0,1.0,"['Lumber', 'Lumber']",0.0,36.0,0.0,20:00:00,0.0,0.0,0.0,0.0,0.0,0.0,0.0,0.0,0.0,0.0,1.0,0.0,0.0,0.0,"5, 6, 10, 10, 8",Middle
65.0,2022-12-11,E,2.0,,E,10.0,White,4.0,0.0,7.0,1.0,0.0,0.0,0.0,0.0,"['Lumber', 'Lumber', 'Grain']",1.0,36.0,0.0,20:00:00,1.0,0.0,0.0,0.0,0.0,0.0,0.0,0.0,0.0,0.0,0.0,0.0,0.0,0.0,"3, 4, 6, 5, 9, 10",Middle
65.0,2022-12-11,V,3.0,,E,3.0,Orange,0.0,3.0,4.0,0.0,0.0,0.0,1.0,1.0,"['Grain', 'Lumber', 'Ore']",0.0,36.0,0.0,20:00:00,0.0,0.0,1.0,0.0,0.0,0.0,0.0,0.0,1.0,0.0,0.0,0.0,0.0,0.0,"8, 10, 9, 6, 12",Middle
66.0,2022-12-15,E,1.0,,E,10.0,White,4.0,1.0,6.0,5.0,1.0,1.0,0.0,2.0,"['Brick', 'Wool']",0.0,60.0,0.0,23:15:00,0.0,0.0,0.0,0.0,0.0,0.0,1.0,0.0,0.0,1.0,0.0,1.0,0.0,0.0,"6, 8, 9, 4, 8",Middle
66.0,2022-12-15,B,2.0,,E,7.0,Blue,0.0,3.0,9.0,4.0,0.0,0.0,1.0,0.0,"['Ore', 'Ore', 'Brick']",1.0,60.0,0.0,23:15:00,1.0,1.0,0.0,0.0,0.0,0.0,0.0,0.0,0.0,0.0,0.0,0.0,0.0,0.0,"5, 9, 10, 4, 9, 11",Middle
66.0,2022-12-15,V,3.0,,E,7.0,Red,3.0,1.0,8.0,1.0,0.0,0.0,0.0,1.0,"['Lumber', 'Lumber', 'Brick']",0.0,60.0,0.0,23:15:00,0.0,0.0,0.0,0.0,0.0,0.0,0.0,0.0,0.0,0.0,0.0,0.0,1.0,0.0,"3, 6, 11, 5, 8, 10",Middle
67.0,2022-12-17,V,1.0,,Cc,5.0,Brown,1.0,3.0,5.0,0.0,0.0,1.0,0.0,3.0,['Ore'],0.0,70.0,1.0,21:35:00,0.0,0.0,0.0,1.0,0.0,0.0,0.0,0.0,1.0,0.0,1.0,0.0,1.0,0.0,"5, 8, 9, 8",
67.0,2022-12-17,Ak,2.0,,Cc,8.0,Red,4.0,0.0,9.0,1.0,0.0,0.0,0.0,0.0,"['Brick', 'Wool', 'Lumber']",0.0,70.0,1.0,21:35:00,0.0,0.0,0.0,0.0,0.0,0.0,0.0,0.0,0.0,0.0,0.0,0.0,0.0,0.0,"8, 9, 10, 3, 6, 12",
67.0,2022-12-17,M,3.0,,Cc,8.0,Orange,2.0,4.0,7.0,0.0,0.0,0.0,0.0,1.0,"['Lumber', 'Grain', 'Wool']",0.0,70.0,1.0,21:35:00,0.0,0.0,0.0,0.0,0.0,0.0,0.0,0.0,0.0,0.0,1.0,0.0,0.0,0.0,"5, 6, 9, 4, 5, 11",
67.0,2022-12-17,Cc,4.0,,Cc,10.0,Blue,1.0,4.0,11.0,4.0,1.0,0.0,1.0,1.0,"['Lumber', 'Wool', 'Grain']",0.0,70.0,1.0,21:35:00,1.0,1.0,0.0,0.0,0.0,0.0,0.0,0.0,0.0,0.0,0.0,0.0,0.0,1.0,"8, 9, 10, 4, 10, 11",
67.0,2022-12-17,E,5.0,,Cc,7.0,White,2.0,3.0,6.0,3.0,0.0,0.0,0.0,2.0,"['Lumber', 'Wool', 'Brick']",1.0,70.0,1.0,21:35:00,0.0,0.0,0.0,0.0,0.0,0.0,0.0,0.0,0.0,0.0,1.0,0.0,0.0,1.0,"8, 5, 12, 4, 6, 12",
67.0,2022-12-17,B,6.0,,Cc,5.0,Green,2.0,3.0,6.0,3.0,0.0,0.0,0.0,2.0,"['Lumber', 'Lumber', 'Grain']",0.0,70.0,1.0,21:35:00,0.0,0.0,0.0,0.0,0.0,0.0,1.0,0.0,0.0,0.0,1.0,1.0,0.0,0.0,"4, 8, 9, 10, 6",
68.0,2022-12-18,B,1.0,,B,10.0,Red,4.0,2.0,6.0,5.0,1.0,1.0,0.0,1.0,"['Lumber', 'Lumber', 'Grain']",0.0,70.0,0.0,03:10:00,0.0,0.0,0.0,0.0,0.0,0.0,0.0,0.0,0.0,1.0,0.0,0.0,0.0,0.0,"4, 6, 8, 3, 4, 8",Outer Circle
68.0,2022-12-18,E,2.0,,B,9.0,White,3.0,1.0,8.0,0.0,0.0,0.0,1.0,0.0,"['Ore', 'Ore', 'Wool']",1.0,70.0,0.0,03:10:00,1.0,0.0,0.0,0.0,0.0,0.0,0.0,0.0,0.0,0.0,0.0,0.0,0.0,0.0,"4, 5, 10, 3, 6, 11",Outer Circle
68.0,2022-12-18,V,3.0,,B,6.0,Orange,1.0,3.0,6.0,1.0,0.0,0.0,0.0,1.0,"['Brick', 'Grain']",0.0,70.0,0.0,03:10:00,0.0,0.0,0.0,0.0,0.0,0.0,1.0,0.0,0.0,0.0,0.0,1.0,0.0,0.0,"9, 10, 11, 9, 10",Outer Circle
68.0,2022-12-18,Ak,4.0,,B,8.0,Blue,4.0,1.0,8.0,1.0,0.0,0.0,0.0,2.0,"['Lumber', 'Brick', 'Grain']",0.0,70.0,0.0,03:10:00,0.0,0.0,0.0,0.0,0.0,0.0,0.0,0.0,0.0,0.0,1.0,0.0,1.0,0.0,"12, 3, 11, 3, 6, 9",Outer Circle
69.0,2022-12-18,M,1.0,,B,6.0,Orange,1.0,4.0,7.0,0.0,0.0,0.0,0.0,1.0,"['Grain', 'Lumber', 'Wool']",0.0,65.0,1.0,16:20:00,0.0,0.0,0.0,0.0,0.0,0.0,0.0,0.0,0.0,0.0,1.0,0.0,0.0,0.0,"3, 5, 8, 10, 3, 5",
69.0,2022-12-18,Cc,2.0,,B,7.0,Blue,1.0,4.0,11.0,3.0,1.0,0.0,0.0,2.0,"['Wool', 'Ore', 'Grain']",0.0,65.0,1.0,16:20:00,0.0,0.0,0.0,0.0,0.0,0.0,0.0,0.0,0.0,0.0,2.0,0.0,0.0,0.0,"5, 6, 9, 3, 9, 10",
69.0,2022-12-18,B,3.0,,B,11.0,Red,3.0,2.0,8.0,6.0,0.0,1.0,1.0,1.0,"['Ore', 'Lumber', 'Grain']",0.0,65.0,1.0,16:20:00,0.0,1.0,0.0,0.0,0.0,0.0,0.0,0.0,0.0,0.0,0.0,0.0,0.0,1.0,"6, 9, 10, 4, 6, 12",
69.0,2022-12-18,V,4.0,,B,7.0,Green,0.0,4.0,9.0,2.0,0.0,0.0,0.0,2.0,"['Brick', 'Brick']",0.0,65.0,1.0,16:20:00,1.0,0.0,0.0,0.0,0.0,0.0,1.0,0.0,1.0,0.0,0.0,1.0,0.0,0.0,"6, 9, 10, 8, 4",
69.0,2022-12-18,E,5.0,,B,9.0,White,2.0,4.0,7.0,6.0,0.0,0.0,0.0,2.0,"['Lumber', 'Brick', 'Grain']",1.0,65.0,1.0,16:20:00,0.0,0.0,0.0,0.0,0.0,0.0,0.0,0.0,0.0,0.0,0.0,0.0,1.0,1.0,"4, 11, 11, 4, 9, 8",
70.0,2022-12-21,V,1.0,,A,8.0,Blue,1.0,4.0,17.0,3.0,1.0,0.0,0.0,2.0,"['Lumber', 'Lumber', 'Wool']",0.0,125.0,0.0,21:00:00,1.0,0.0,0.0,0.0,0.0,0.0,0.0,0.0,0.0,0.0,1.0,0.0,1.0,0.0,"5, 8, 10, 3, 4, 6",Middle
70.0,2022-12-21,A,2.0,,A,10.0,White,4.0,0.0,6.0,3.0,0.0,1.0,0.0,2.0,"['Ore', 'Ore', 'Wool']",1.0,125.0,0.0,21:00:00,0.0,1.0,0.0,0.0,0.0,0.0,0.0,0.0,0.0,1.0,1.0,0.0,0.0,0.0,"6, 9, 10, 4, 9, 11",Middle
70.0,2022-12-21,F,3.0,,A,6.0,Orange,1.0,3.0,12.0,1.0,0.0,0.0,1.0,1.0,"['Lumber', 'Brick']",0.0,125.0,0.0,21:00:00,0.0,0.0,1.0,0.0,0.0,0.0,0.0,0.0,0.0,0.0,0.0,0.0,0.0,0.0,"8, 10, 3, 6, 12",Middle
70.0,2022-12-21,B,4.0,,A,8.0,Red,1.0,3.0,10.0,6.0,0.0,0.0,0.0,1.0,"['Ore', 'Lumber', 'Brick']",0.0,125.0,0.0,21:00:00,0.0,0.0,0.0,0.0,0.0,0.0,0.0,0.0,0.0,0.0,1.0,0.0,0.0,0.0,"5, 9, 10, 5, 6, 11",Middle
71.0,2022-12-22,F,1.0,,M,7.0,Brown,3.0,1.0,7.0,5.0,0.0,0.0,0.0,1.0,"['Grain', 'Grain', 'Wool']",0.0,100.0,1.0,21:40:00,0.0,0.0,0.0,0.0,0.0,0.0,0.0,0.0,0.0,0.0,1.0,0.0,0.0,0.0,"5, 8, 9, 4, 6, 12",
71.0,2022-12-22,M,2.0,,M,10.0,Orange,3.0,4.0,10.0,0.0,0.0,0.0,1.0,1.0,"['Wool', 'Brick', 'Lumber']",0.0,100.0,1.0,21:40:00,0.0,0.0,0.0,0.0,0.0,0.0,0.0,0.0,0.0,0.0,1.0,0.0,0.0,0.0,"5, 8, 10, 8, 10, 12",
71.0,2022-12-22,A,3.0,,M,7.0,White,3.0,1.0,5.0,0.0,0.0,0.0,0.0,1.0,"['Wool', 'Ore']",1.0,100.0,1.0,21:40:00,0.0,0.0,1.0,0.0,0.0,0.0,0.0,0.0,1.0,0.0,0.0,0.0,0.0,0.0,"4, 8, 9, 3, 8",
71.0,2022-12-22,Cc,4.0,,M,7.0,Red,3.0,1.0,4.0,0.0,0.0,1.0,0.0,1.0,"['Grain', 'Grain', 'Grain']",0.0,100.0,1.0,21:40:00,0.0,0.0,0.0,0.0,0.0,0.0,0.0,0.0,0.0,0.0,0.0,0.0,1.0,0.0,"4, 6, 9, 3, 9, 10",
71.0,2022-12-22,V,5.0,,M,7.0,Blue,0.0,4.0,8.0,6.0,1.0,0.0,0.0,2.0,"['Ore', 'Brick']",0.0,100.0,1.0,21:40:00,1.0,0.0,0.0,0.0,1.0,0.0,0.0,0.0,0.0,1.0,0.0,1.0,0.0,0.0,"6, 9, 10, 8, 11",
71.0,2022-12-22,B,6.0,,M,6.0,Green,1.0,2.0,3.0,7.0,0.0,0.0,0.0,1.0,"['Ore', 'Ore', 'Wool']",0.0,100.0,1.0,21:40:00,0.0,1.0,0.0,0.0,0.0,0.0,0.0,0.0,0.0,0.0,0.0,0.0,0.0,1.0,"8, 9, 2, 5, 6",
72.0,2022-12-24,M,1.0,,B,7.0,Orange,0.0,5.0,11.0,2.0,0.0,0.0,0.0,0.0,"['Brick', 'Grain', 'Ore']",0.0,120.0,1.0,23:50:00,1.0,0.0,0.0,0.0,0.0,0.0,0.0,0.0,0.0,0.0,0.0,0.0,0.0,0.0,"5, 6, 9, 3, 11, 12",
72.0,2022-12-24,F,2.0,,B,8.0,Red,3.0,2.0,9.0,4.0,0.0,0.0,0.0,1.0,"['Ore', 'Wool']",0.0,120.0,1.0,23:50:00,0.0,0.0,0.0,0.0,0.0,0.0,0.0,0.0,0.0,0.0,1.0,0.0,0.0,0.0,"6, 9, 10, 8, 11",
72.0,2022-12-24,V,3.0,,B,8.0,Brown,2.0,1.0,9.0,5.0,1.0,0.0,0.0,1.0,"['Lumber', 'Lumber', 'Grain']",0.0,120.0,1.0,23:50:00,0.0,1.0,0.0,0.0,0.0,0.0,0.0,0.0,0.0,0.0,1.0,0.0,0.0,0.0,"8, 5, 9, 8, 10, 12",
72.0,2022-12-24,A,4.0,,B,7.0,Green,3.0,1.0,10.0,5.0,0.0,1.0,0.0,1.0,"['Lumber', 'Brick', 'Ore']",1.0,120.0,1.0,23:50:00,0.0,0.0,0.0,0.0,0.0,0.0,0.0,0.0,0.0,0.0,0.0,0.0,0.0,1.0,"4, 8, 9, 3, 6, 5",
72.0,2022-12-24,B,5.0,,B,10.0,Blue,2.0,3.0,9.0,9.0,0.0,0.0,1.0,1.0,"['Grain', 'Grain', 'Lumber']",0.0,120.0,1.0,23:50:00,0.0,0.0,0.0,0.0,0.0,0.0,0.0,0.0,0.0,1.0,0.0,0.0,0.0,0.0,"4, 6, 9, 5, 10, 11",
72.0,2022-12-24,Cc,6.0,,B,5.0,White,0.0,5.0,6.0,0.0,0.0,0.0,0.0,2.0,"['Wool', 'Ore', 'Brick']",0.0,120.0,1.0,23:50:00,0.0,0.0,0.0,0.0,0.0,0.0,0.0,0.0,1.0,0.0,1.0,0.0,0.0,0.0,"3, 6, 3, 9, 10",
73.0,2022-12-25,A,1.0,,Cc,6.0,White,2.0,2.0,6.0,2.0,0.0,0.0,0.0,0.0,"['Brick', 'Lumber', 'Lumber']",1.0,60.0,0.0,18:00:00,0.0,0.0,0.0,0.0,0.0,0.0,0.0,0.0,0.0,0.0,0.0,0.0,0.0,0.0,"5, 8, 10, 3, 4, 8",
73.0,2022-12-25,V,2.0,,Cc,8.0,Red,1.0,4.0,9.0,1.0,0.0,0.0,0.0,3.0,"['Brick', 'Wool']",0.0,60.0,0.0,18:00:00,1.0,0.0,0.0,0.0,0.0,0.0,0.0,0.0,0.0,1.0,1.0,0.0,1.0,0.0,"4, 8, 5, 10, 9",
73.0,2022-12-25,Cc,3.0,,Cc,10.0,Blue,4.0,0.0,5.0,4.0,1.0,1.0,1.0,1.0,"['Ore', 'Wool', 'Lumber']",0.0,60.0,0.0,18:00:00,0.0,0.0,0.0,0.0,0.0,0.0,0.0,0.0,0.0,0.0,1.0,0.0,0.0,0.0,"5, 6, 9, 2, 9, 10",
73.0,2022-12-25,B,4.0,,Cc,5.0,Orange,0.0,3.0,9.0,5.0,0.0,0.0,0.0,0.0,"['Grain', 'Grain', 'Lumber']",0.0,60.0,0.0,18:00:00,0.0,1.0,0.0,0.0,0.0,0.0,0.0,0.0,0.0,0.0,0.0,0.0,0.0,0.0,"4, 6, 9, 3, 6, 11",
74.0,2022-12-30,E,1.0,,M,7.0,White,1.0,5.0,8.0,0.0,0.0,0.0,0.0,1.0,"['Lumber', 'Brick']",1.0,50.0,0.0,23:40:00,0.0,0.0,0.0,0.0,0.0,0.0,0.0,0.0,0.0,0.0,0.0,0.0,1.0,0.0,"5, 9, 10, 2, 6",Outer Circle
74.0,2022-12-30,Cc,2.0,,M,8.0,Red,3.0,1.0,6.0,3.0,1.0,0.0,0.0,0.0,"['Brick', 'Brick', 'Wool']",0.0,50.0,0.0,23:40:00,0.0,0.0,0.0,0.0,0.0,0.0,0.0,0.0,0.0,0.0,0.0,0.0,0.0,0.0,"5, 10, 8, 4, 9, 11",Outer Circle
74.0,2022-12-30,B,3.0,,M,8.0,Blue,1.0,3.0,8.0,4.0,0.0,1.0,0.0,1.0,"['Grain', 'Grain', 'Wool']",0.0,50.0,0.0,23:40:00,1.0,0.0,0.0,0.0,0.0,0.0,0.0,0.0,0.0,0.0,1.0,0.0,0.0,0.0,"2, 9, 10, 5, 6, 11",Outer Circle
74.0,2022-12-30,M,4.0,,M,10.0,Orange,4.0,2.0,7.0,0.0,0.0,0.0,1.0,3.0,"['Lumber', 'Lumber', 'Brick']",0.0,50.0,0.0,23:40:00,0.0,0.0,0.0,0.0,0.0,0.0,0.0,0.0,0.0,1.0,1.0,0.0,0.0,1.0,"4, 6, 11, 4, 8, 3",Outer Circle
75.0,2023-01-24,Cc,1.0,,A,8.0,Red,3.0,3.0,3.0,11.0,0.0,0.0,0.0,0.0,"['Wool', 'Lumber']",0.0,66.0,1.0,20:20:00,0.0,1.0,0.0,0.0,0.0,0.0,0.0,0.0,0.0,0.0,0.0,0.0,0.0,0.0,"4, 8, 5, 6, 9",
75.0,2023-01-24,A,2.0,,A,10.0,Green,2.0,4.0,10.0,0.0,0.0,0.0,0.0,1.0,"['Grain', 'Grain']",1.0,66.0,1.0,20:20:00,1.0,0.0,0.0,0.0,0.0,0.0,0.0,1.0,0.0,0.0,1.0,0.0,0.0,0.0,"5, 6, 8, 3, 8",
75.0,2023-01-24,B,3.0,,A,6.0,Blue,3.0,0.0,11.0,0.0,0.0,1.0,0.0,0.0,"['Lumber', 'Ore', 'Grain']",0.0,66.0,1.0,20:20:00,0.0,0.0,0.0,0.0,0.0,0.0,0.0,0.0,0.0,0.0,0.0,0.0,0.0,0.0,"5, 6, 9, 3, 5, 10",
75.0,2023-01-24,M,4.0,I,A,5.0,Orange,1.0,3.0,8.0,0.0,0.0,0.0,1.0,2.0,"['Lumber', 'Lumber', 'Grain']",0.0,66.0,1.0,20:20:00,0.0,0.0,0.0,0.0,0.0,0.0,0.0,0.0,0.0,0.0,1.0,1.0,0.0,0.0,"3, 6, 10, 4, 8, 11",
75.0,2023-01-24,E,5.0,,A,7.0,Brown,1.0,5.0,8.0,3.0,1.0,0.0,0.0,1.0,"['Brick', 'Brick', 'Wool']",0.0,66.0,1.0,20:20:00,0.0,0.0,0.0,0.0,0.0,0.0,0.0,0.0,1.0,0.0,0.0,0.0,0.0,0.0,"6, 9, 10, 5, 11, 12",
75.0,2023-01-24,V,6.0,,A,8.0,White,2.0,3.0,6.0,2.0,0.0,0.0,0.0,3.0,"['Brick', 'Grain']",0.0,66.0,1.0,20:20:00,0.0,0.0,0.0,1.0,0.0,0.0,0.0,0.0,0.0,1.0,0.0,0.0,1.0,1.0,"9, 8, 10, 4, 5",
76.0,2023-01-28,B,1.0,,Cc,8.0,Red,1.0,3.0,8.0,4.0,1.0,0.0,0.0,0.0,"['Grain', 'Ore', 'Lumber']",0.0,60.0,1.0,00:00:00,1.0,0.0,0.0,0.0,0.0,0.0,0.0,0.0,0.0,0.0,0.0,0.0,0.0,0.0,"5, 6, 9, 6, 3, 12",
76.0,2023-01-28,Cc,2.0,,Cc,10.0,Blue,3.0,2.0,6.0,2.0,0.0,0.0,0.0,0.0,"['Brick', 'Wool', 'Grain']",0.0,60.0,1.0,00:00:00,0.0,0.0,0.0,0.0,0.0,0.0,0.0,0.0,0.0,0.0,0.0,0.0,0.0,0.0,"4, 6, 10, 6, 9, 12",
76.0,2023-01-28,M,3.0,,Cc,8.0,Orange,3.0,2.0,7.0,2.0,0.0,1.0,0.0,1.0,"['Wool', 'Wool', 'Grain']",0.0,60.0,1.0,00:00:00,0.0,0.0,0.0,0.0,0.0,0.0,0.0,0.0,0.0,0.0,1.0,0.0,0.0,0.0,"5, 8, 11, 8, 4, 9",
76.0,2023-01-28,E,4.0,,Cc,7.0,Brown,2.0,3.0,7.0,0.0,0.0,0.0,0.0,0.0,"['Ore', 'Ore']",0.0,60.0,1.0,00:00:00,0.0,0.0,0.0,0.0,0.0,0.0,0.0,0.0,1.0,1.0,0.0,0.0,0.0,0.0,"5, 8, 10, 4, 9",
76.0,2023-01-28,A,5.0,,Cc,7.0,White,2.0,3.0,7.0,1.0,0.0,0.0,0.0,2.0,"['Lumber', 'Brick', 'Ore']",1.0,60.0,1.0,00:00:00,0.0,0.0,0.0,0.0,0.0,0.0,0.0,0.0,0.0,0.0,1.0,0.0,0.0,1.0,"5, 8, 9, 3, 6, 11",
76.0,2023-01-28,V,6.0,,Cc,7.0,Green,3.0,0.0,4.0,5.0,0.0,0.0,1.0,0.0,"['Grain', 'Grain', 'Ore']",0.0,60.0,1.0,00:00:00,0.0,0.0,0.0,0.0,0.0,0.0,0.0,0.0,0.0,0.0,0.0,0.0,0.0,0.0,"2, 6, 9, 4, 10, 11",
77.0,2023-01-28,E,1.0,,B,6.0,Green,2.0,2.0,7.0,2.0,1.0,0.0,0.0,1.0,"['Grain', 'Brick']",0.0,60.0,1.0,17:00:00,0.0,0.0,0.0,0.0,0.0,0.0,0.0,0.0,0.0,0.0,1.0,0.0,0.0,0.0,"5, 8, 10, 10, 11",
77.0,2023-01-28,B,2.0,,B,10.0,Brown,1.0,3.0,5.0,7.0,0.0,0.0,1.0,1.0,"['Lumber', 'Ore', 'Ore']",0.0,60.0,1.0,17:00:00,1.0,1.0,0.0,0.0,0.0,0.0,0.0,0.0,1.0,0.0,0.0,0.0,0.0,0.0,"5, 9, 8, 3, 10, 12",
77.0,2023-01-28,V,3.0,,B,8.0,Red,3.0,2.0,7.0,3.0,0.0,0.0,0.0,0.0,"['Grain', 'Grain', 'Lumber']",0.0,60.0,1.0,17:00:00,0.0,0.0,0.0,0.0,0.0,0.0,0.0,0.0,0.0,0.0,0.0,0.0,0.0,0.0,"4, 6, 10, 9, 3, 10",
77.0,2023-01-28,M,4.0,,B,7.0,Orange,3.0,1.0,4.0,1.0,0.0,0.0,0.0,2.0,"['Wool', 'Grain', 'Brick']",0.0,60.0,1.0,17:00:00,0.0,0.0,0.0,0.0,0.0,0.0,0.0,0.0,0.0,0.0,1.0,0.0,0.0,1.0,"5, 6, 9, 4, 6, 11",
77.0,2023-01-28,Cc,5.0,,B,7.0,Blue,3.0,1.0,7.0,0.0,0.0,1.0,0.0,1.0,"['Ore', 'Ore', 'Brick']",0.0,60.0,1.0,17:00:00,0.0,0.0,0.0,0.0,0.0,0.0,0.0,0.0,0.0,0.0,0.0,0.0,0.0,1.0,"5, 10, 11, 3, 5, 2",
77.0,2023-01-28,A,6.0,,B,8.0,White,1.0,4.0,6.0,3.0,0.0,0.0,0.0,1.0,"['Lumber', 'Brick', 'Ore']",1.0,60.0,1.0,17:00:00,0.0,0.0,0.0,0.0,0.0,0.0,0.0,0.0,0.0,0.0,1.0,0.0,0.0,0.0,"9, 10, 8, 3, 4, 9",
78.0,2023-01-28,E,1.0,,A,9.0,Green,4.0,1.0,5.0,1.0,0.0,1.0,0.0,2.0,"['Brick', 'Wool', 'Ore']",0.0,90.0,1.0,23:15:00,0.0,0.0,0.0,0.0,0.0,0.0,0.0,0.0,1.0,0.0,0.0,1.0,0.0,0.0,"4, 9, 8, 3, 9, 6",
78.0,2023-01-28,B,2.0,,A,8.0,Brown,0.0,5.0,9.0,7.0,0.0,0.0,0.0,1.0,"['Brick', 'Wool', 'Lumber']",0.0,90.0,1.0,23:15:00,0.0,1.0,0.0,0.0,0.0,0.0,0.0,0.0,0.0,1.0,0.0,0.0,0.0,0.0,"5, 6, 9, 2, 4, 5",
78.0,2023-01-28,V,3.0,,A,6.0,Blue,0.0,5.0,10.0,4.0,0.0,0.0,1.0,2.0,"['Lumber', 'Lumber', 'Brick']",0.0,90.0,1.0,23:15:00,0.0,0.0,0.0,0.0,0.0,0.0,0.0,0.0,0.0,0.0,1.0,0.0,0.0,1.0,"4, 6, 10, 8, 9, 12",
78.0,2023-01-28,Cc,4.0,,A,6.0,Red,0.0,5.0,9.0,6.0,0.0,0.0,0.0,0.0,"['Grain', 'Grain', 'Grain']",0.0,90.0,1.0,23:15:00,0.0,0.0,0.0,0.0,0.0,0.0,0.0,0.0,0.0,0.0,0.0,0.0,0.0,0.0,"8, 10, 11, 6, 9, 12",
78.0,2023-01-28,M,5.0,,A,8.0,Orange,1.0,4.0,10.0,1.0,0.0,0.0,0.0,0.0,"['Lumber', 'Brick', 'Ore']",0.0,90.0,1.0,23:15:00,1.0,0.0,0.0,0.0,0.0,0.0,0.0,0.0,0.0,0.0,0.0,0.0,0.0,0.0,"4, 5, 10, 2, 3, 10",
78.0,2023-01-28,A,6.0,,A,10.0,White,2.0,2.0,4.0,7.0,1.0,0.0,0.0,1.0,"['Brick', 'Brick', 'Wool']",1.0,90.0,1.0,23:15:00,0.0,0.0,0.0,0.0,0.0,0.0,0.0,0.0,0.0,0.0,0.0,0.0,0.0,1.0,"3, 5, 8, 6, 10, 11",
79.0,2023-01-29,A,1.0,,A,10.0,White,4.0,2.0,7.0,3.0,0.0,0.0,0.0,2.0,"['Brick', 'Brick', 'Grain']",1.0,65.0,1.0,18.45,0.0,0.0,0.0,0.0,0.0,0.0,0.0,0.0,0.0,0.0,1.0,0.0,1.0,0.0,"4, 5, 8, 5, 10, 11",
79.0,2023-01-29,M,2.0,,A,8.0,Orange,3.0,2.0,10.0,0.0,0.0,0.0,0.0,2.0,"['Brick', 'Wool', 'Ore']",0.0,65.0,1.0,18.45,0.0,0.0,0.0,0.0,0.0,0.0,0.0,0.0,0.0,0.0,1.0,0.0,1.0,0.0,"5, 9, 10, 2, 4, 9",
79.0,2023-01-29,E,3.0,,A,7.0,Brown,0.0,5.0,6.0,6.0,1.0,0.0,0.0,1.0,"['Wool', 'Grain', 'Ore']",0.0,65.0,1.0,18.45,0.0,0.0,0.0,0.0,0.0,0.0,0.0,0.0,0.0,0.0,0.0,0.0,0.0,1.0,"4, 8, 9, 6, 9, 10",
79.0,2023-01-29,B,4.0,,A,9.0,Red,1.0,4.0,11.0,0.0,0.0,0.0,1.0,1.0,"['Brick', 'Brick', 'Grain']",0.0,65.0,1.0,18.45,1.0,0.0,0.0,0.0,0.0,0.0,0.0,0.0,0.0,0.0,0.0,1.0,0.0,0.0,"8, 10, 12, 2, 3, 5",
79.0,2023-01-29,Cc,5.0,,A,6.0,Blue,3.0,0.0,7.0,2.0,0.0,1.0,0.0,0.0,"['Ore', 'Ore', 'Ore']",0.0,65.0,1.0,18.45,0.0,0.0,0.0,0.0,0.0,0.0,0.0,0.0,0.0,0.0,0.0,0.0,0.0,0.0,"8, 10, 12, 2, 3, 5",
80.0,2023-08-01,E,1.0,,E,9.0,Red,4.0,1.0,7.0,1.0,0.0,0.0,0.0,1.0,['Grain'],0.0,70.0,0.0,14:40:00,0.0,0.0,0.0,0.0,0.0,0.0,1.0,0.0,0.0,0.0,0.0,1.0,0.0,0.0,"5, 6, 9, 11",Outer Circle
80.0,2023-08-01,Cc,2.0,,E,10.0,Orange,2.0,3.0,15.0,1.0,0.0,0.0,1.0,2.0,"['Lumber', 'Lumber', 'Wool']",0.0,70.0,0.0,14:40:00,1.0,0.0,0.0,0.0,0.0,0.0,0.0,0.0,0.0,1.0,1.0,0.0,0.0,0.0,"9, 10, 11, 5, 8, 10",Outer Circle
80.0,2023-08-01,A,3.0,,E,9.0,White,3.0,1.0,14.0,1.0,0.0,1.0,0.0,1.0,"['Lumber', 'Brick', 'Grain']",1.0,70.0,0.0,14:40:00,0.0,0.0,0.0,0.0,0.0,0.0,0.0,0.0,0.0,0.0,1.0,0.0,0.0,0.0,"3, 4, 8, 2, 6, 9",Outer Circle
80.0,2023-08-01,B,4.0,,E,8.0,Blue,0.0,5.0,6.0,9.0,1.0,0.0,0.0,1.0,"['Brick', 'Grain', 'Lumber']",0.0,70.0,0.0,14:40:00,0.0,1.0,0.0,0.0,0.0,0.0,0.0,0.0,1.0,0.0,0.0,0.0,0.0,0.0,"5, 8, 10, 6, 11, 12",Outer Circle
81.0,2023-08-02,E,1.0,,B,7.0,Red,3.0,1.0,5.0,0.0,0.0,0.0,0.0,1.0,"['Grain', 'Grain']",0.0,55.0,0.0,16:00:00,0.0,0.0,0.0,0.0,0.0,0.0,0.0,1.0,0.0,0.0,1.0,0.0,0.0,0.0,"5, 9, 10, 4, 8",Middle
81.0,2023-08-02,M,2.0,,B,8.0,Orange,3.0,2.0,6.0,2.0,1.0,1.0,0.0,3.0,"['Lumber', 'Lumber', 'Wool']",0.0,55.0,0.0,16:00:00,0.0,0.0,0.0,0.0,0.0,0.0,0.0,0.0,0.0,1.0,2.0,0.0,0.0,0.0,"4, 6, 11, 3, 4, 6",Middle
81.0,2023-08-02,Cc,3.0,,B,5.0,White,1.0,3.0,7.0,4.0,0.0,0.0,1.0,0.0,"['Grain', 'Lumber', 'Brick']",0.0,55.0,0.0,16:00:00,0.0,0.0,0.0,0.0,0.0,0.0,0.0,0.0,0.0,0.0,0.0,0.0,0.0,0.0,"4, 9, 11, 3, 8, 10",Middle
81.0,2023-08-02,B,4.0,,B,10.0,Blue,1.0,4.0,9.0,5.0,0.0,0.0,0.0,0.0,"['Brick', 'Brick', 'Lumber']",1.0,55.0,0.0,16:00:00,1.0,0.0,0.0,0.0,0.0,0.0,0.0,0.0,0.0,0.0,0.0,0.0,0.0,0.0,"5, 8, 10, 3, 6, 11",Middle
82.0,2023-08-03,B,1.0,,Cc,9.0,Blue,2.0,1.0,3.0,4.0,0.0,0.0,0.0,1.0,"['Lumber', 'Wool', 'Wool']",0.0,55.0,0.0,14:55:00,0.0,1.0,0.0,0.0,0.0,0.0,0.0,0.0,0.0,0.0,0.0,0.0,1.0,0.0,"3, 6, 9, 5, 6, 9",Middle
82.0,2023-08-03,E,2.0,,Cc,8.0,Red,3.0,1.0,4.0,2.0,1.0,0.0,0.0,2.0,"['Grain', 'Ore']",0.0,55.0,0.0,14:55:00,0.0,0.0,0.0,0.0,0.0,0.0,0.0,0.0,0.0,0.0,1.0,0.0,0.0,1.0,"5, 8, 10, 4, 11",Middle
82.0,2023-08-03,Cc,3.0,,Cc,10.0,Orange,4.0,0.0,9.0,2.0,0.0,1.0,0.0,1.0,"['Grain', 'Ore', 'Wool']",0.0,55.0,0.0,14:55:00,1.0,0.0,0.0,0.0,0.0,0.0,0.0,0.0,1.0,0.0,0.0,0.0,0.0,0.0,"9, 10, 11, 3, 6, 11",Middle
82.0,2023-08-03,A,4.0,,Cc,6.0,White,1.0,3.0,5.0,0.0,0.0,0.0,1.0,0.0,"['Lumber', 'Lumber', 'Brick']",1.0,55.0,0.0,14:55:00,0.0,0.0,0.0,0.0,0.0,0.0,0.0,0.0,0.0,0.0,0.0,0.0,0.0,0.0,"3, 4, 8, 5, 8, 10",Middle
83.0,2023-08-04,Cc,1.0,,M,6.0,Blue,0.0,5.0,5.0,2.0,0.0,0.0,0.0,1.0,"['Lumber', 'Grain', 'Wool']",0.0,45.0,0.0,14:20:00,0.0,0.0,0.0,0.0,0.0,0.0,0.0,0.0,1.0,0.0,0.0,0.0,0.0,0.0,"6, 9, 10, 3, 4, 11",Middle
83.0,2023-08-04,M,2.0,,M,10.0,Orange,2.0,4.0,10.0,1.0,0.0,0.0,1.0,2.0,"['Grain', 'Wool', 'Wool']",0.0,45.0,0.0,14:20:00,1.0,0.0,0.0,0.0,0.0,0.0,0.0,0.0,0.0,0.0,1.0,0.0,0.0,1.0,"3, 5, 8, 5, 9, 10",Middle
83.0,2023-08-04,E,4.0,,M,8.0,Red,3.0,0.0,4.0,4.0,0.0,1.0,0.0,1.0,"['Lumber', 'Brick', 'Lumber']",0.0,45.0,0.0,14:20:00,0.0,0.0,0.0,0.0,0.0,0.0,0.0,0.0,0.0,0.0,0.0,0.0,1.0,0.0,"6, 3, 4, 3, 6, 12",Middle
83.0,2023-08-04,A,3.0,,M,5.0,White,1.0,1.0,3.0,5.0,1.0,0.0,0.0,0.0,"['Wool', 'Ore']",1.0,45.0,0.0,14:20:00,0.0,1.0,0.0,0.0,0.0,0.0,0.0,0.0,0.0,0.0,0.0,0.0,0.0,0.0,"8, 4, 11, 9, 4",Middle
84.0,2023-08-04,E,2.0,B,A,7.0,Red,2.0,2.0,5.0,3.0,1.0,1.0,0.0,2.0,"['Wool', 'Grain', 'Lumber']",1.0,55.0,0.0,22:35:00,0.0,0.0,0.0,0.0,0.0,0.0,0.0,0.0,0.0,1.0,0.0,0.0,1.0,0.0,"5, 9, 10, 4, 8, 10",Outer Circle
84.0,2023-08-04,Cc,4.0,,A,9.0,Blue,2.0,3.0,5.0,3.0,0.0,0.0,1.0,1.0,"['Ore', 'Wool', 'Brick']",0.0,55.0,0.0,22:35:00,0.0,1.0,0.0,0.0,0.0,0.0,0.0,0.0,0.0,0.0,1.0,0.0,0.0,0.0,"5, 9, 10, 4, 6, 11",Outer Circle
84.0,2023-08-04,M,1.0,,A,6.0,Orange,2.0,2.0,9.0,0.0,0.0,0.0,0.0,1.0,"['Wool', 'Brick']",0.0,55.0,0.0,22:35:00,0.0,0.0,0.0,0.0,0.0,0.0,1.0,0.0,0.0,0.0,0.0,1.0,0.0,0.0,"5, 6, 11, 4, 8",Outer Circle
84.0,2023-08-04,A,3.0,,A,10.0,White,2.0,4.0,11.0,1.0,0.0,0.0,0.0,2.0,"['Lumber', 'Lumber', 'Brick']",0.0,55.0,0.0,22:35:00,1.0,0.0,0.0,0.0,0.0,0.0,0.0,0.0,1.0,0.0,0.0,0.0,0.0,1.0,"3, 8, 10, 3, 9, 11",Outer Circle
85.0,2023-08-05,Cc,4.0,,Cc,10.0,Blue,2.0,4.0,10.0,1.0,1.0,0.0,1.0,2.0,"['Lumber', 'Brick', 'Grain']",0.0,65.0,0.0,16:00:00,1.0,0.0,0.0,0.0,0.0,0.0,0.0,0.0,0.0,0.0,2.0,0.0,0.0,0.0,"3, 4, 8, 3, 6, 9",Outer Circle
85.0,2023-08-05,M,3.0,,Cc,8.0,Orange,3.0,1.0,8.0,2.0,0.0,1.0,0.0,1.0,"['Grain', 'Ore', 'Brick']",0.0,65.0,0.0,16:00:00,0.0,0.0,0.0,0.0,0.0,0.0,0.0,0.0,0.0,1.0,0.0,0.0,0.0,0.0,"4, 11, 9, 3, 4, 8",Outer Circle
85.0,2023-08-05,E,1.0,,Cc,9.0,Red,3.0,0.0,4.0,5.0,0.0,0.0,0.0,1.0,"['Brick', 'Brick', 'Grain']",0.0,65.0,0.0,16:00:00,0.0,1.0,0.0,0.0,0.0,0.0,0.0,0.0,1.0,0.0,0.0,0.0,0.0,0.0,"5, 6, 9, 2, 9, 10",Outer Circle
85.0,2023-08-05,B,2.0,,Cc,8.0,White,3.0,1.0,4.0,5.0,0.0,0.0,0.0,2.0,"['Grain', 'Grain', 'Lumber']",0.0,65.0,0.0,16:00:00,0.0,0.0,0.0,0.0,0.0,0.0,0.0,0.0,0.0,0.0,1.0,0.0,0.0,1.0,"5, 8, 10, 3, 6, 11",Outer Circle
86.0,2023-08-05,B,1.0,,B,10.0,Blue,3.0,1.0,8.0,4.0,0.0,1.0,0.0,1.0,"['Ore', 'Brick', 'Grain']",0.0,55.0,0.0,22:40:00,1.0,1.0,0.0,0.0,0.0,0.0,0.0,0.0,0.0,0.0,1.0,0.0,0.0,0.0,"5, 6, 9, 9, 10, 11",Outer Circle
86.0,2023-08-05,A,2.0,,B,7.0,White,3.0,1.0,5.0,1.0,0.0,0.0,1.0,1.0,"['Lumber', 'Wool']",1.0,55.0,0.0,22:40:00,0.0,0.0,1.0,0.0,0.0,0.0,0.0,0.0,1.0,0.0,0.0,0.0,0.0,0.0,"3, 6, 9, 9, 10",Outer Circle
86.0,2023-08-05,E,3.0,,B,9.0,Red,1.0,4.0,5.0,6.0,1.0,0.0,0.0,3.0,"['Ore', 'Wool', 'Lumber']",0.0,55.0,0.0,22:40:00,0.0,0.0,0.0,0.0,0.0,0.0,0.0,0.0,0.0,0.0,1.0,1.0,0.0,1.0,"5, 8, 10, 4, 5, 8",Outer Circle
